3am7_B.pdb	3am7_B.pdb
3qb4_B.pdb	3qb4_B.pdb
5d2d_C.pdb	5d2d_C.pdb
2b3g_B.pdb	2b3g_B.pdb
5t6x_C.pdb	5t6x_C.pdb
5nvn_B.pdb	5nvn_B.pdb
5nvn_B.pdb	4ued_B.pdb
5nvn_B.pdb	5t46_B.pdb
3au4_B.pdb	3au4_B.pdb
6gwj_B.pdb	6gwj_B.pdb
6gwj_B.pdb	6f9w_A.pdb
6gwj_B.pdb	2f8v_T.pdb
1hcn_B.pdb	1hcn_B.pdb
1hcn_B.pdb	4ay9_B.pdb
1hcn_B.pdb	4c4k_T.pdb
1hcn_B.pdb	2wp3_T.pdb
1hcn_B.pdb	3wtp_E.pdb
1hcn_B.pdb	6k1k_A.pdb
1hcn_B.pdb	5x7x_A.pdb
1hcn_B.pdb	6x59_A.pdb
1hcn_B.pdb	4z5t_A.pdb
1hcn_B.pdb	3a6n_A.pdb
1hcn_B.pdb	4hga_B.pdb
1hcn_B.pdb	6i1s_B.pdb
1hcn_B.pdb	1b6c_A.pdb
1hcn_B.pdb	3mdy_B.pdb
1hcn_B.pdb	6lth_I.pdb
5hyn_D.pdb	5hyn_D.pdb
6vme_E.pdb	6vme_E.pdb
6vme_E.pdb	3h7h_A.pdb
3k1r_B.pdb	3k1r_B.pdb
3k1r_B.pdb	4y5o_A.pdb
2odb_B.pdb	2odb_B.pdb
4af3_A.pdb	4af3_A.pdb
4af3_A.pdb	6gr8_A.pdb
4af3_A.pdb	2wel_A.pdb
4af3_A.pdb	3tac_A.pdb
4af3_A.pdb	2bo9_A.pdb
4af3_A.pdb	5dx0_A.pdb
4af3_A.pdb	5dx1_A.pdb
4af3_A.pdb	1xqs_A.pdb
4af3_A.pdb	6p8f_B.pdb
4af3_A.pdb	1g3n_A.pdb
4af3_A.pdb	2w96_B.pdb
4af3_A.pdb	1bi8_A.pdb
4af3_A.pdb	6os9_R.pdb
4af3_A.pdb	3mdy_A.pdb
4af3_A.pdb	6i1s_A.pdb
4af3_A.pdb	1b6c_B.pdb
4af3_A.pdb	4riy_B.pdb
4af3_A.pdb	4zjv_A.pdb
4af3_A.pdb	4riy_A.pdb
4af3_A.pdb	4mne_B.pdb
4af3_A.pdb	7cx2_R.pdb
4af3_A.pdb	2ocf_A.pdb
4af3_A.pdb	7d3f_B.pdb
4af3_A.pdb	6k41_R.pdb
4af3_A.pdb	6p8f_A.pdb
4af3_A.pdb	2w96_A.pdb
4af3_A.pdb	7dvq_R.pdb
4af3_A.pdb	3f7p_A.pdb
4af3_A.pdb	5wir_A.pdb
4af3_A.pdb	3l82_A.pdb
4af3_A.pdb	3bqo_A.pdb
4af3_A.pdb	7ae1_E.pdb
4af3_A.pdb	1uw4_B.pdb
4af3_A.pdb	4cru_A.pdb
4af3_A.pdb	2z7f_E.pdb
4af3_A.pdb	6fp6_B.pdb
4af3_A.pdb	7jfl_A.pdb
4af3_A.pdb	5ccb_A.pdb
4af3_A.pdb	5mxa_A.pdb
4af3_A.pdb	5mzv_A.pdb
4af3_A.pdb	6lth_P.pdb
4af3_A.pdb	5un7_A.pdb
3kse_A.pdb	3kse_A.pdb
3kse_A.pdb	5wvo_C.pdb
3kse_A.pdb	1xqh_A.pdb
3kse_A.pdb	1o9s_A.pdb
3kse_A.pdb	2f69_A.pdb
3kse_A.pdb	5osi_A.pdb
3kse_A.pdb	5gtu_A.pdb
3kse_A.pdb	3wso_A.pdb
3kse_A.pdb	2ve7_A.pdb
3kse_A.pdb	3p71_T.pdb
3kse_A.pdb	6icz_R.pdb
3kse_A.pdb	6id1_R.pdb
6j4v_B.pdb	6j4v_B.pdb
3gs2_B.pdb	3gs2_B.pdb
6pxc_U.pdb	6pxc_U.pdb
3bgm_C.pdb	3bgm_C.pdb
6b9x_A.pdb	6b9x_A.pdb
6b9x_A.pdb	4gs7_D.pdb
6b9x_A.pdb	2z3q_B.pdb
1zjd_B.pdb	1zjd_B.pdb
1zjd_B.pdb	4isn_B.pdb
1zjd_B.pdb	1yc0_I.pdb
1zjd_B.pdb	6p8f_C.pdb
5ybv_C.pdb	5ybv_C.pdb
2ocf_D.pdb	2ocf_D.pdb
2ocf_D.pdb	5dc9_B.pdb
2ocf_D.pdb	4w5v_B.pdb
2ocf_D.pdb	1b8m_B.pdb
2ocf_D.pdb	3tnu_A.pdb
2ocf_D.pdb	3tnu_B.pdb
2ocf_D.pdb	6uui_C.pdb
2ocf_D.pdb	6uui_X.pdb
2ocf_D.pdb	7bbl_B.pdb
2ocf_D.pdb	4yiq_A.pdb
2ocf_D.pdb	4yiq_B.pdb
2ocf_D.pdb	7egg_I.pdb
2ocf_D.pdb	3pv6_B.pdb
2ocf_D.pdb	6gnx_A.pdb
3h3g_B.pdb	3h3g_B.pdb
1qr1_C.pdb	1qr1_C.pdb
5i25_B.pdb	5i25_B.pdb
2ngr_B.pdb	2ngr_B.pdb
2ngr_B.pdb	6r3v_A.pdb
1l1o_A.pdb	1l1o_A.pdb
1l1o_A.pdb	2pi2_E.pdb
1l1o_A.pdb	2b3g_A.pdb
1l1o_A.pdb	4kng_M.pdb
1l1o_A.pdb	3ff7_A.pdb
1l1o_A.pdb	7ae1_Q.pdb
1l1o_A.pdb	3eab_A.pdb
7dvq_1.pdb	7dvq_1.pdb
7dvq_1.pdb	7ae1_B.pdb
7dvq_1.pdb	7bsv_A.pdb
7dvq_1.pdb	6k7l_A.pdb
7dvq_1.pdb	4fq3_A.pdb
7dvq_1.pdb	2z5k_A.pdb
7dvq_1.pdb	1qbk_B.pdb
7dvq_1.pdb	6ieh_B.pdb
7dvq_1.pdb	3hhm_A.pdb
7dvq_1.pdb	7dvq_C.pdb
7dvq_1.pdb	6id1_C.pdb
7dvq_1.pdb	6icz_C.pdb
7dvq_1.pdb	4nge_A.pdb
7dvq_1.pdb	2wjv_A.pdb
7dvq_1.pdb	3i7n_A.pdb
7dvq_1.pdb	4e54_A.pdb
5l7k_B.pdb	5l7k_B.pdb
5e33_B.pdb	5e33_B.pdb
2okr_C.pdb	2okr_C.pdb
6uva_E.pdb	6uva_E.pdb
5ixd_B.pdb	5ixd_B.pdb
1lqb_A.pdb	1lqb_A.pdb
1lqb_A.pdb	4y5o_B.pdb
1lqb_A.pdb	5jh5_D.pdb
1lqb_A.pdb	4hpl_A.pdb
1lqb_A.pdb	2o2v_A.pdb
1lqb_A.pdb	5tuv_A.pdb
2iv8_P.pdb	2iv8_P.pdb
5d94_B.pdb	5d94_B.pdb
3r45_C.pdb	3r45_C.pdb
3r45_C.pdb	5xjl_G.pdb
4bd2_C.pdb	4bd2_C.pdb
4bd2_C.pdb	4zeq_B.pdb
4bd2_C.pdb	4qve_B.pdb
6wlz_G.pdb	6wlz_G.pdb
6wlz_G.pdb	4iyp_A.pdb
6wlz_G.pdb	5hvq_C.pdb
6wlz_G.pdb	6zvh_A.pdb
6wlz_G.pdb	6zxe_A.pdb
6wlz_G.pdb	6zmt_B.pdb
6wlz_G.pdb	6kwy_L.pdb
6wlz_G.pdb	6e5b_L.pdb
6wlz_G.pdb	3cuq_B.pdb
6wlz_G.pdb	2zme_B.pdb
6wlz_G.pdb	5m5e_B.pdb
6wlz_G.pdb	2b5i_B.pdb
6wlz_G.pdb	4gs7_B.pdb
6wlz_G.pdb	3hhm_B.pdb
6wlz_G.pdb	1sq0_B.pdb
6wlz_G.pdb	6mib_A.pdb
6wlz_G.pdb	5d2d_A.pdb
6wlz_G.pdb	6eww_A.pdb
6wlz_G.pdb	6bd2_A.pdb
6wlz_G.pdb	3ubw_A.pdb
6wlz_G.pdb	2hle_A.pdb
6wlz_G.pdb	2gh0_A.pdb
6wlz_G.pdb	6e5b_B.pdb
6wlz_G.pdb	5le5_B.pdb
6wlz_G.pdb	6y44_A.pdb
6wlz_G.pdb	6zcj_A.pdb
6wlz_G.pdb	6y3r_A.pdb
6wlz_G.pdb	6y3o_A.pdb
6wlz_G.pdb	6rl3_A.pdb
6wlz_G.pdb	5myc_A.pdb
6wlz_G.pdb	6y1j_A.pdb
6wlz_G.pdb	6rjl_A.pdb
6wlz_G.pdb	6y8d_A.pdb
6pyw_C.pdb	6pyw_C.pdb
3maz_B.pdb	3maz_B.pdb
2om2_B.pdb	2om2_B.pdb
5xbf_B.pdb	5xbf_B.pdb
5xbf_B.pdb	1l1o_B.pdb
5xbf_B.pdb	2pi2_A.pdb
6acl_B.pdb	6acl_B.pdb
5t6w_C.pdb	5t6w_C.pdb
4nm5_B.pdb	4nm5_B.pdb
5ifs_B.pdb	5ifs_B.pdb
5ifs_B.pdb	6erh_A.pdb
5ifs_B.pdb	1jey_A.pdb
5ifs_B.pdb	4or9_A.pdb
5ifs_B.pdb	6nuc_A.pdb
5ifs_B.pdb	5sve_A.pdb
5ifs_B.pdb	4f0z_A.pdb
5ifs_B.pdb	1m63_A.pdb
5ifs_B.pdb	3ll8_A.pdb
5ifs_B.pdb	3dqv_C.pdb
5ifs_B.pdb	3dpl_C.pdb
5ifs_B.pdb	6g4q_B.pdb
5ifs_B.pdb	6wcv_B.pdb
5ifs_B.pdb	6caj_A.pdb
5ifs_B.pdb	5vzu_B.pdb
5ifs_B.pdb	6zmd_A.pdb
5ifs_B.pdb	6o60_C.pdb
5ifs_B.pdb	5dse_A.pdb
5ifs_B.pdb	3u86_A.pdb
5ifs_B.pdb	6lth_L.pdb
5ifs_B.pdb	6wbv_A.pdb
5ifs_B.pdb	4kng_A.pdb
5ifs_B.pdb	5v6y_A.pdb
5ifs_B.pdb	3h3g_A.pdb
5ifs_B.pdb	3c4m_A.pdb
5ioh_B.pdb	5ioh_B.pdb
5ioh_B.pdb	5j28_C.pdb
5ioh_B.pdb	5inb_B.pdb
6zee_C.pdb	6zee_C.pdb
6zee_C.pdb	6zeh_C.pdb
6zee_C.pdb	6zeg_C.pdb
6zee_C.pdb	1nlw_A.pdb
4af3_D.pdb	4af3_D.pdb
5dx1_F.pdb	5dx1_F.pdb
4xkl_B.pdb	4xkl_B.pdb
6wbv_B.pdb	6wbv_B.pdb
6wbv_B.pdb	4qae_P.pdb
3u86_B.pdb	3u86_B.pdb
3mrk_P.pdb	3mrk_P.pdb
5ieh_C.pdb	5ieh_C.pdb
4gqb_A.pdb	4gqb_A.pdb
4gqb_A.pdb	6v0n_A.pdb
4gqb_A.pdb	6v0o_A.pdb
4gqb_A.pdb	6v0p_A.pdb
4gqb_A.pdb	5hyn_A.pdb
4gqb_A.pdb	3dw8_A.pdb
4gqb_A.pdb	2ie4_A.pdb
4gqb_A.pdb	4i5l_A.pdb
4gqb_A.pdb	7cq5_C.pdb
4gqb_A.pdb	3n9z_A.pdb
6xiw_A.pdb	6xiw_A.pdb
6xiw_A.pdb	6pai_A.pdb
6xiw_A.pdb	7dvq_3.pdb
6xiw_A.pdb	4n78_A.pdb
6xiw_A.pdb	7d3f_A.pdb
6xiw_A.pdb	7ae1_A.pdb
4bry_B.pdb	4bry_B.pdb
7cmv_C.pdb	7cmv_C.pdb
7cmv_C.pdb	7jvr_C.pdb
7cmv_C.pdb	6pb1_G.pdb
7cmv_C.pdb	6x18_G.pdb
7cmv_C.pdb	6kpf_C.pdb
3k6g_D.pdb	3k6g_D.pdb
1n52_B.pdb	1n52_B.pdb
1n52_B.pdb	5oob_B.pdb
1n52_B.pdb	3tiw_A.pdb
1n52_B.pdb	5epp_A.pdb
1n52_B.pdb	6uxe_D.pdb
1n52_B.pdb	6wlw_1.pdb
1n52_B.pdb	5y1z_A.pdb
1n52_B.pdb	2c0l_B.pdb
1n52_B.pdb	7dvq_Z.pdb
1n52_B.pdb	7dvq_X.pdb
1n52_B.pdb	4bwq_A.pdb
5y18_B.pdb	5y18_B.pdb
5wb7_E.pdb	5wb7_E.pdb
5wb7_E.pdb	1nql_B.pdb
5wb7_E.pdb	1mox_C.pdb
1cf7_A.pdb	1cf7_A.pdb
1cf7_A.pdb	4yii_A.pdb
1cf7_A.pdb	6nxk_C.pdb
3gj9_A.pdb	3gj9_A.pdb
4dj9_B.pdb	4dj9_B.pdb
6zcj_P.pdb	6zcj_P.pdb
5wrv_A.pdb	5wrv_A.pdb
3v4y_B.pdb	3v4y_B.pdb
1jfi_A.pdb	1jfi_A.pdb
1jfi_A.pdb	6vme_C.pdb
1jfi_A.pdb	3mcb_A.pdb
1n0w_B.pdb	1n0w_B.pdb
4kmd_B.pdb	4kmd_B.pdb
5u98_C.pdb	5u98_C.pdb
4dnc_D.pdb	4dnc_D.pdb
3ma2_A.pdb	3ma2_A.pdb
3ma2_A.pdb	5t5w_A.pdb
3ma2_A.pdb	4l0p_B.pdb
3ma2_A.pdb	2wo3_B.pdb
3ma2_A.pdb	3mbw_B.pdb
3ma2_A.pdb	2hle_B.pdb
3ma2_A.pdb	3gxu_B.pdb
5vzu_E.pdb	5vzu_E.pdb
6pb1_U.pdb	6pb1_U.pdb
6pb1_U.pdb	6pb0_U.pdb
6pb1_U.pdb	6p9x_P.pdb
4hnj_C.pdb	4hnj_C.pdb
4hnj_C.pdb	5uul_B.pdb
4hnj_C.pdb	3mqp_B.pdb
5fmk_B.pdb	5fmk_B.pdb
5wai_D.pdb	5wai_D.pdb
5wai_D.pdb	6nq3_D.pdb
7ae1_L.pdb	7ae1_L.pdb
6zxe_c.pdb	6zxe_c.pdb
6zxe_c.pdb	6zmt_d.pdb
6zxe_c.pdb	6zvh_c.pdb
6zxe_c.pdb	6g16_B.pdb
4y6o_C.pdb	4y6o_C.pdb
3agz_C.pdb	3agz_C.pdb
1xqh_B.pdb	1xqh_B.pdb
1ydi_B.pdb	1ydi_B.pdb
4tq1_B.pdb	4tq1_B.pdb
4bry_A.pdb	4bry_A.pdb
4zrp_C.pdb	4zrp_C.pdb
4zrp_C.pdb	1xiw_B.pdb
4zrp_C.pdb	4qaf_C.pdb
4zrp_C.pdb	6v6f_A.pdb
4zrp_C.pdb	7dvq_5.pdb
4zrp_C.pdb	3doe_B.pdb
4zrp_C.pdb	2h62_A.pdb
4zrp_C.pdb	3bpl_A.pdb
4zrp_C.pdb	5vz4_A.pdb
4zrp_C.pdb	3qb4_A.pdb
4zrp_C.pdb	7l0j_A.pdb
4zrp_C.pdb	5svh_A.pdb
4xpn_B.pdb	4xpn_B.pdb
2xqn_A.pdb	2xqn_A.pdb
6uus_P.pdb	6uus_P.pdb
6uus_P.pdb	6uva_P.pdb
4f9c_B.pdb	4f9c_B.pdb
5xyf_C.pdb	5xyf_C.pdb
6e2p_C.pdb	6e2p_C.pdb
6uj7_A.pdb	6uj7_A.pdb
6uj7_A.pdb	5ieh_A.pdb
6uj7_A.pdb	1sys_A.pdb
6uj7_A.pdb	5t6x_A.pdb
6uj7_A.pdb	6pag_A.pdb
6uj7_A.pdb	5t6w_A.pdb
6uj7_A.pdb	1qr1_A.pdb
6uj7_A.pdb	3utq_A.pdb
6uj7_A.pdb	6pyw_A.pdb
6uj7_A.pdb	3mrk_A.pdb
6uj7_A.pdb	2clr_A.pdb
6uj7_A.pdb	3fqn_A.pdb
6uj7_A.pdb	3bgm_A.pdb
6uj7_A.pdb	3mrr_A.pdb
6uj7_A.pdb	6ewo_A.pdb
6uj7_A.pdb	5w6a_A.pdb
6uj7_A.pdb	3bh9_A.pdb
6uj7_A.pdb	5u98_A.pdb
6uj7_A.pdb	2p5e_A.pdb
6uj7_A.pdb	3bze_A.pdb
6uj7_A.pdb	3bp7_A.pdb
6uj7_A.pdb	3bzf_A.pdb
6uj7_A.pdb	5ib2_A.pdb
6uj7_A.pdb	1qew_A.pdb
6uj7_A.pdb	6at5_A.pdb
6uj7_A.pdb	2h6p_A.pdb
6uj7_A.pdb	4o2c_A.pdb
6uj7_A.pdb	6pte_A.pdb
6uj7_A.pdb	1lp9_A.pdb
6uj7_A.pdb	4hx1_A.pdb
6uj7_A.pdb	5eu5_A.pdb
6uj7_A.pdb	3fqx_A.pdb
6uj7_A.pdb	1xr9_A.pdb
6uj7_A.pdb	5w69_A.pdb
6uj7_A.pdb	3ft3_A.pdb
6uj7_A.pdb	6o9b_A.pdb
6uj7_A.pdb	1akj_A.pdb
6uj7_A.pdb	3vri_A.pdb
6uj7_A.pdb	3ln4_A.pdb
6uj7_A.pdb	3bo8_A.pdb
6uj7_A.pdb	3bhb_A.pdb
6uj7_A.pdb	2dyp_A.pdb
6uj7_A.pdb	1efx_A.pdb
6uj7_A.pdb	1i4f_A.pdb
6uj7_A.pdb	1w0w_A.pdb
6uj7_A.pdb	5vz5_A.pdb
6uj7_A.pdb	3vrj_A.pdb
6uj7_A.pdb	5bs0_A.pdb
6uj7_A.pdb	5iue_A.pdb
6uj7_A.pdb	3ln5_A.pdb
6uj7_A.pdb	6ei2_A.pdb
6uj7_A.pdb	2xpg_A.pdb
6uj7_A.pdb	3lv3_A.pdb
6uj7_A.pdb	5meo_A.pdb
6uj7_A.pdb	5t6y_A.pdb
6uj7_A.pdb	6r2l_A.pdb
6uj7_A.pdb	3fqt_A.pdb
6uj7_A.pdb	6at9_A.pdb
6uj7_A.pdb	3am8_A.pdb
6uj7_A.pdb	4no0_A.pdb
6uj7_A.pdb	6jto_A.pdb
6uj7_A.pdb	3mrp_A.pdb
6uj7_A.pdb	3czf_A.pdb
6uj7_A.pdb	6pud_A.pdb
6uj7_A.pdb	5bxf_A.pdb
6uj7_A.pdb	6qio_B.pdb
6uj7_A.pdb	6c09_A.pdb
6uj7_A.pdb	5dis_C.pdb
6uj7_A.pdb	2h26_A.pdb
6uj7_A.pdb	5j1a_A.pdb
6uj7_A.pdb	1zt4_A.pdb
6uj7_A.pdb	4y6l_A.pdb
6uj7_A.pdb	4y6o_A.pdb
6uj7_A.pdb	4gaf_B.pdb
6uj7_A.pdb	1ira_Y.pdb
6uj7_A.pdb	1a6z_A.pdb
6uj7_A.pdb	1de4_A.pdb
6uj7_A.pdb	6b3x_A.pdb
6uj7_A.pdb	2i9b_E.pdb
6uj7_A.pdb	6iyc_B.pdb
6uj7_A.pdb	6idf_B.pdb
6uj7_A.pdb	4wnd_A.pdb
6uj7_A.pdb	3sf4_A.pdb
6uj7_A.pdb	6urg_B.pdb
6uj7_A.pdb	6yxq_B.pdb
6uj7_A.pdb	1ki1_B.pdb
6uj7_A.pdb	6v0o_B.pdb
6uj7_A.pdb	6v0n_B.pdb
6uj7_A.pdb	4gqb_B.pdb
6uj7_A.pdb	6v0p_B.pdb
6uj7_A.pdb	1n4m_A.pdb
6uj7_A.pdb	4lac_B.pdb
6uj7_A.pdb	6nbw_A.pdb
6uj7_A.pdb	4h3k_A.pdb
6uj7_A.pdb	3ovv_A.pdb
6uj7_A.pdb	4wb7_A.pdb
6uj7_A.pdb	6ine_A.pdb
6uj7_A.pdb	6kpf_R.pdb
6uj7_A.pdb	3n3k_A.pdb
6uj7_A.pdb	5iso_E.pdb
6uj7_A.pdb	6zmd_B.pdb
6uj7_A.pdb	5n38_A.pdb
6uj7_A.pdb	4zgy_A.pdb
6uj7_A.pdb	5e8j_A.pdb
6uj7_A.pdb	4eoz_B.pdb
6uj7_A.pdb	2jgz_B.pdb
6uj7_A.pdb	6gu2_B.pdb
6uj7_A.pdb	2h6f_A.pdb
6uj7_A.pdb	3gni_B.pdb
6uj7_A.pdb	4es0_A.pdb
6uj7_A.pdb	4ewr_A.pdb
6uj7_A.pdb	4erq_A.pdb
6uj7_A.pdb	4ery_A.pdb
6uj7_A.pdb	4cy2_A.pdb
6uj7_A.pdb	5y1z_C.pdb
6uj7_A.pdb	7jvr_R.pdb
6uj7_A.pdb	7cmv_R.pdb
6uj7_A.pdb	7e32_R.pdb
6uj7_A.pdb	7jvq_R.pdb
6uj7_A.pdb	5crv_A.pdb
6uj7_A.pdb	2zu6_B.pdb
6uj7_A.pdb	3eu7_A.pdb
6uj7_A.pdb	6lb7_B.pdb
6uj7_A.pdb	4tq0_A.pdb
6uj7_A.pdb	4tq1_A.pdb
6uj7_A.pdb	4naw_B.pdb
6uj7_A.pdb	4p0p_A.pdb
6uj7_A.pdb	6j7x_A.pdb
6uj7_A.pdb	6o60_A.pdb
6uj7_A.pdb	5kyc_B.pdb
6uj7_A.pdb	4hon_A.pdb
6uj7_A.pdb	4uel_A.pdb
6uj7_A.pdb	1nfi_A.pdb
6uj7_A.pdb	5le5_G.pdb
6uj7_A.pdb	6e5b_C.pdb
6uj7_A.pdb	5le5_C.pdb
6uj7_A.pdb	6kwy_G.pdb
6uj7_A.pdb	6e5b_G.pdb
6uj7_A.pdb	6kwy_E.pdb
6uj7_A.pdb	5le5_E.pdb
6uj7_A.pdb	6e5b_E.pdb
6uj7_A.pdb	6nq3_B.pdb
6uj7_A.pdb	5wai_B.pdb
6uj7_A.pdb	4kmd_A.pdb
6uj7_A.pdb	6y4l_A.pdb
6uj7_A.pdb	2o61_B.pdb
6uj7_A.pdb	5osi_B.pdb
6uj7_A.pdb	6s6d_A.pdb
4dbg_B.pdb	4dbg_B.pdb
4dbg_B.pdb	6b9x_B.pdb
4dbg_B.pdb	6ehr_B.pdb
4dbg_B.pdb	5x6v_B.pdb
4dbg_B.pdb	1jfi_B.pdb
4dbg_B.pdb	2ybf_A.pdb
4dbg_B.pdb	6kye_B.pdb
4dbg_B.pdb	4x0l_B.pdb
4dbg_B.pdb	3w4u_B.pdb
4dbg_B.pdb	4mqk_B.pdb
4dbg_B.pdb	1a9w_E.pdb
4dbg_B.pdb	1shr_B.pdb
3c4m_C.pdb	3c4m_C.pdb
4nge_B.pdb	4nge_B.pdb
4gow_A.pdb	4gow_A.pdb
2h32_A.pdb	2h32_A.pdb
2h32_A.pdb	6ehr_C.pdb
2h32_A.pdb	6ehp_C.pdb
2h32_A.pdb	5x6v_C.pdb
2h32_A.pdb	1x11_A.pdb
2h32_A.pdb	3tgx_B.pdb
2h32_A.pdb	6khs_B.pdb
2h32_A.pdb	5v8w_B.pdb
2h32_A.pdb	7ae1_I.pdb
2h32_A.pdb	2h32_B.pdb
2h32_A.pdb	4ggf_C.pdb
2h32_A.pdb	4ggf_A.pdb
2h32_A.pdb	1a4y_B.pdb
2h32_A.pdb	2bex_C.pdb
2h32_A.pdb	4h5s_B.pdb
6qmp_B.pdb	6qmp_B.pdb
6qmp_B.pdb	4csr_A.pdb
6qmp_B.pdb	4hrh_A.pdb
6qmp_B.pdb	7egg_H.pdb
6qmp_B.pdb	4cfr_A.pdb
1th1_C.pdb	1th1_C.pdb
6s8s_B.pdb	6s8s_B.pdb
6ewo_C.pdb	6ewo_C.pdb
4a5x_C.pdb	4a5x_C.pdb
6kz7_A.pdb	6kz7_A.pdb
2yle_B.pdb	2yle_B.pdb
5w6a_E.pdb	5w6a_E.pdb
1buh_B.pdb	1buh_B.pdb
1buh_B.pdb	4yc6_B.pdb
3dxe_B.pdb	3dxe_B.pdb
2clr_C.pdb	2clr_C.pdb
4y99_C.pdb	4y99_C.pdb
4y99_C.pdb	4ic7_B.pdb
4y99_C.pdb	7ae1_D.pdb
4y99_C.pdb	5e4e_A.pdb
4y99_C.pdb	3fey_B.pdb
1sys_C.pdb	1sys_C.pdb
6k3a_B.pdb	6k3a_B.pdb
4o6f_B.pdb	4o6f_B.pdb
3mrr_P.pdb	3mrr_P.pdb
5c3f_B.pdb	5c3f_B.pdb
6y3r_P.pdb	6y3r_P.pdb
6kz7_B.pdb	6kz7_B.pdb
4zjv_C.pdb	4zjv_C.pdb
3ewv_E.pdb	3ewv_E.pdb
3fqn_C.pdb	3fqn_C.pdb
4qam_A.pdb	4qam_A.pdb
4qam_A.pdb	1wq1_G.pdb
4qam_A.pdb	3p71_C.pdb
4qam_A.pdb	3dw8_C.pdb
4qam_A.pdb	4i5l_C.pdb
4qam_A.pdb	2ie4_C.pdb
4qam_A.pdb	4lac_C.pdb
4qam_A.pdb	2vdo_A.pdb
4qam_A.pdb	6v4p_A.pdb
4qam_A.pdb	5ezv_A.pdb
4qam_A.pdb	5iso_A.pdb
4qam_A.pdb	6do3_A.pdb
4qam_A.pdb	5k1c_C.pdb
4qam_A.pdb	1i2m_B.pdb
4qam_A.pdb	6x18_A.pdb
4qam_A.pdb	5n9g_A.pdb
4qam_A.pdb	6zeg_A.pdb
4qam_A.pdb	5ioh_A.pdb
4qam_A.pdb	5j28_A.pdb
4qam_A.pdb	6zee_A.pdb
4qam_A.pdb	3v4y_A.pdb
4qam_A.pdb	6zeh_A.pdb
4qam_A.pdb	4xpn_A.pdb
4qam_A.pdb	6obn_A.pdb
4qam_A.pdb	5inb_A.pdb
4qam_A.pdb	3kv4_A.pdb
4qam_A.pdb	3tsz_A.pdb
4qam_A.pdb	5dis_D.pdb
4qam_A.pdb	6i4y_A.pdb
4qam_A.pdb	4f9c_A.pdb
4qam_A.pdb	2bfd_B.pdb
4qam_A.pdb	5efq_A.pdb
4qam_A.pdb	4nst_A.pdb
4qam_A.pdb	6s6d_C.pdb
4qam_A.pdb	5vxz_A.pdb
4qam_A.pdb	6wx8_A.pdb
4qam_A.pdb	3fey_C.pdb
4qam_A.pdb	7byl_A.pdb
4qam_A.pdb	1fbv_A.pdb
4qam_A.pdb	1ni4_A.pdb
4qam_A.pdb	4xh9_A.pdb
4qam_A.pdb	4yon_A.pdb
4qam_A.pdb	4u7t_A.pdb
4qam_A.pdb	3tac_B.pdb
4qam_A.pdb	3gni_A.pdb
4qam_A.pdb	5hpt_A.pdb
4qam_A.pdb	5hps_A.pdb
4qam_A.pdb	6v6f_B.pdb
4qam_A.pdb	4y97_A.pdb
4qam_A.pdb	5hpk_A.pdb
4qam_A.pdb	1c4z_A.pdb
4qam_A.pdb	5f0p_A.pdb
4qam_A.pdb	5f0j_A.pdb
4qam_A.pdb	4bkx_B.pdb
4qam_A.pdb	4a69_A.pdb
4qam_A.pdb	1oc0_A.pdb
4qam_A.pdb	3pb1_I.pdb
4qam_A.pdb	6uus_R.pdb
4qam_A.pdb	6uva_R.pdb
4qam_A.pdb	6xog_A.pdb
4qam_A.pdb	3tw8_A.pdb
4qam_A.pdb	6ekk_A.pdb
4qam_A.pdb	6zxe_y.pdb
4qam_A.pdb	7dvq_T.pdb
4qam_A.pdb	6id1_T.pdb
4qam_A.pdb	6icz_T.pdb
4qam_A.pdb	3nmx_A.pdb
4qam_A.pdb	4yjl_A.pdb
4qam_A.pdb	6upq_A.pdb
4qam_A.pdb	6upr_A.pdb
4qam_A.pdb	6upa_A.pdb
4qam_A.pdb	6fae_A.pdb
4qam_A.pdb	4e54_B.pdb
4qam_A.pdb	1ni4_B.pdb
4qam_A.pdb	6gwj_K.pdb
4qam_A.pdb	7ae1_C.pdb
4qam_A.pdb	6fge_A.pdb
4qam_A.pdb	3zyi_A.pdb
4qam_A.pdb	3mbw_A.pdb
4qam_A.pdb	3t6g_A.pdb
4qam_A.pdb	3zkj_A.pdb
6qmp_C.pdb	6qmp_C.pdb
6qmp_C.pdb	4csr_B.pdb
5c6h_B.pdb	5c6h_B.pdb
5mnj_C.pdb	5mnj_C.pdb
5mnj_C.pdb	5mnj_D.pdb
5mnj_C.pdb	7ae1_J.pdb
5mnj_C.pdb	1jsu_C.pdb
5mnj_C.pdb	6psd_A.pdb
5mnj_C.pdb	2vwf_A.pdb
5mnj_C.pdb	3ixe_B.pdb
5mnj_C.pdb	4hi8_B.pdb
3n00_B.pdb	3n00_B.pdb
6oau_C.pdb	6oau_C.pdb
6oau_C.pdb	2a1j_B.pdb
6oau_C.pdb	5y18_A.pdb
4n3a_B.pdb	4n3a_B.pdb
4bwq_B.pdb	4bwq_B.pdb
1i4o_C.pdb	1i4o_C.pdb
6k1k_B.pdb	6k1k_B.pdb
6k1k_B.pdb	4hga_C.pdb
6k1k_B.pdb	3r45_B.pdb
6k1k_B.pdb	7cj0_C.pdb
6k1k_B.pdb	5ja4_B.pdb
6k1k_B.pdb	5x7x_B.pdb
6k1k_B.pdb	6x59_B.pdb
6k1k_B.pdb	4z5t_B.pdb
6k1k_B.pdb	3a6n_B.pdb
6k1k_B.pdb	5bo0_A.pdb
6k1k_B.pdb	5bnx_A.pdb
6k1k_B.pdb	7cj0_B.pdb
6k1k_B.pdb	3r45_A.pdb
6k1k_B.pdb	3wtp_A.pdb
6k1k_B.pdb	7egg_L.pdb
6k1k_B.pdb	7egg_J.pdb
6k1k_B.pdb	3q3j_A.pdb
6k1k_B.pdb	2b5i_A.pdb
6k1k_B.pdb	5m5e_D.pdb
6k1k_B.pdb	4iyp_C.pdb
6k1k_B.pdb	5fug_A.pdb
6k1k_B.pdb	6kbb_A.pdb
6k1k_B.pdb	2aw2_B.pdb
6k1k_B.pdb	6x59_C.pdb
6k1k_B.pdb	3a6n_C.pdb
6k1k_B.pdb	6kvd_C.pdb
6k1k_B.pdb	5gt0_C.pdb
6k1k_B.pdb	2cv5_C.pdb
6k1k_B.pdb	5gt3_C.pdb
6k1k_B.pdb	6k1k_C.pdb
6k1k_B.pdb	3x1s_C.pdb
6k1k_B.pdb	3wkj_C.pdb
6k1k_B.pdb	7ae1_F.pdb
6k1k_B.pdb	6m4g_C.pdb
6k1k_B.pdb	7l0j_B.pdb
6k1k_B.pdb	6nnq_B.pdb
6k1k_B.pdb	2io0_B.pdb
6k1k_B.pdb	5d2m_B.pdb
6k1k_B.pdb	2d07_B.pdb
6k1k_B.pdb	2io1_B.pdb
6k1k_B.pdb	2iy0_B.pdb
6k1k_B.pdb	1tgz_B.pdb
6k1k_B.pdb	1wyw_B.pdb
6k1k_B.pdb	2iy1_B.pdb
6k1k_B.pdb	6zxe_V.pdb
6k1k_B.pdb	6zvh_V.pdb
3rpg_C.pdb	3rpg_C.pdb
3rpg_C.pdb	4s3o_B.pdb
3rpg_C.pdb	6uj7_B.pdb
3rpg_C.pdb	3utq_B.pdb
3rpg_C.pdb	6pag_B.pdb
3rpg_C.pdb	6c09_B.pdb
3rpg_C.pdb	3mrr_B.pdb
3rpg_C.pdb	1xr9_B.pdb
3rpg_C.pdb	1qr1_B.pdb
3rpg_C.pdb	5w69_B.pdb
3rpg_C.pdb	6at5_B.pdb
3rpg_C.pdb	6o9b_B.pdb
3rpg_C.pdb	2dyp_B.pdb
3rpg_C.pdb	1zt4_B.pdb
3rpg_C.pdb	5j1a_B.pdb
3rpg_C.pdb	1akj_B.pdb
3rpg_C.pdb	2h26_B.pdb
3rpg_C.pdb	1w0w_B.pdb
3rpg_C.pdb	1de4_B.pdb
3rpg_C.pdb	6qio_C.pdb
3rpg_C.pdb	6pud_B.pdb
3rpg_C.pdb	5bxf_B.pdb
3rpg_C.pdb	5u98_B.pdb
3rpg_C.pdb	3bo8_B.pdb
3rpg_C.pdb	1a6z_B.pdb
3rpg_C.pdb	3am8_C.pdb
3rpg_C.pdb	3vrj_B.pdb
3rpg_C.pdb	5iue_B.pdb
2ypa_A.pdb	2ypa_A.pdb
2ypa_A.pdb	1cf7_B.pdb
2ypa_A.pdb	4geh_B.pdb
2ypa_A.pdb	3w8h_B.pdb
2ypa_A.pdb	3cjk_A.pdb
2ypa_A.pdb	2ypa_B.pdb
2ggm_C.pdb	2ggm_C.pdb
1u76_B.pdb	1u76_B.pdb
6do3_C.pdb	6do3_C.pdb
3uly_B.pdb	3uly_B.pdb
6gwj_D.pdb	6gwj_D.pdb
3bp7_C.pdb	3bp7_C.pdb
6igk_B.pdb	6igk_B.pdb
3a4u_B.pdb	3a4u_B.pdb
3a4u_B.pdb	6wlw_S.pdb
6gr8_B.pdb	6gr8_B.pdb
2vm6_B.pdb	2vm6_B.pdb
2vm6_B.pdb	4b4s_B.pdb
2vm6_B.pdb	6qfi_B.pdb
2vm6_B.pdb	4zie_C.pdb
2vm6_B.pdb	5vwy_B.pdb
2vm6_B.pdb	4qvf_B.pdb
6uj7_C.pdb	6uj7_C.pdb
1x11_C.pdb	1x11_C.pdb
5wir_C.pdb	5wir_C.pdb
3al3_B.pdb	3al3_B.pdb
1l0a_B.pdb	1l0a_B.pdb
4hrh_C.pdb	4hrh_C.pdb
6sh6_B.pdb	6sh6_B.pdb
6y3o_P.pdb	6y3o_P.pdb
6acp_B.pdb	6acp_B.pdb
3i7n_B.pdb	3i7n_B.pdb
4hon_F.pdb	4hon_F.pdb
1lp9_C.pdb	1lp9_C.pdb
2aze_B.pdb	2aze_B.pdb
2aze_B.pdb	3n7p_A.pdb
2aze_B.pdb	4drb_C.pdb
2v8s_V.pdb	2v8s_V.pdb
2v8s_V.pdb	6vax_B.pdb
2v8s_V.pdb	6ehr_E.pdb
2v8s_V.pdb	5yy9_A.pdb
2v8s_V.pdb	3k9m_C.pdb
2v8s_V.pdb	3kse_D.pdb
2v8s_V.pdb	4g8a_C.pdb
2v8s_V.pdb	4zgy_B.pdb
3zms_C.pdb	3zms_C.pdb
3lqj_Q.pdb	3lqj_Q.pdb
6pte_C.pdb	6pte_C.pdb
6pag_C.pdb	6pag_C.pdb
6s8v_B.pdb	6s8v_B.pdb
6s8v_B.pdb	3f8u_A.pdb
6s8v_B.pdb	4ccm_A.pdb
6s8v_B.pdb	5ccb_B.pdb
6s8v_B.pdb	6uxe_A.pdb
6s8v_B.pdb	4zrp_A.pdb
6s8v_B.pdb	5wai_A.pdb
6s8v_B.pdb	6g16_A.pdb
6s8v_B.pdb	6nq3_A.pdb
6s8v_B.pdb	6igk_A.pdb
6s8v_B.pdb	7egg_E.pdb
6s8v_B.pdb	6c6k_A.pdb
6s8v_B.pdb	6s8l_B.pdb
6s8v_B.pdb	4bxf_A.pdb
6s8v_B.pdb	6uri_B.pdb
6s8v_B.pdb	1yk0_A.pdb
6s8v_B.pdb	1yk1_A.pdb
6s8v_B.pdb	4um8_B.pdb
6s8v_B.pdb	4um9_B.pdb
6s8v_B.pdb	6v4p_B.pdb
6s8v_B.pdb	2vdo_B.pdb
6s8v_B.pdb	5vbn_A.pdb
6s8v_B.pdb	2bex_A.pdb
6s8v_B.pdb	1a4y_A.pdb
6s8v_B.pdb	3f1s_A.pdb
6s8v_B.pdb	3vi3_B.pdb
6s8v_B.pdb	5e6s_B.pdb
6s8v_B.pdb	3qfa_A.pdb
6s8v_B.pdb	4f52_E.pdb
6psd_B.pdb	6psd_B.pdb
6psd_B.pdb	6b9h_B.pdb
4hx1_C.pdb	4hx1_C.pdb
5x8q_B.pdb	5x8q_B.pdb
7cj0_A.pdb	7cj0_A.pdb
7cj0_A.pdb	5wai_C.pdb
7cj0_A.pdb	4uu5_A.pdb
7cj0_A.pdb	5lsi_E.pdb
7cj0_A.pdb	5xjl_A.pdb
7cj0_A.pdb	4ehp_B.pdb
7cj0_A.pdb	1b8m_A.pdb
7cj0_A.pdb	1bnd_A.pdb
7cj0_A.pdb	1bnd_B.pdb
3fqx_C.pdb	3fqx_C.pdb
1o9s_K.pdb	1o9s_K.pdb
4gk0_C.pdb	4gk0_C.pdb
4gk0_C.pdb	3abd_X.pdb
4drb_J.pdb	4drb_J.pdb
4drb_J.pdb	5nvl_B.pdb
4drb_J.pdb	4dbg_A.pdb
4drb_J.pdb	1bh9_B.pdb
4drb_J.pdb	6wx8_B.pdb
4drb_J.pdb	6pxc_A.pdb
4drb_J.pdb	3bdw_B.pdb
4drb_J.pdb	5dc9_A.pdb
2p1l_B.pdb	2p1l_B.pdb
1m2z_B.pdb	1m2z_B.pdb
3wim_B.pdb	3wim_B.pdb
1qew_C.pdb	1qew_C.pdb
3kuj_A.pdb	3kuj_A.pdb
5epp_B.pdb	5epp_B.pdb
4is6_C.pdb	4is6_C.pdb
3n9z_C.pdb	3n9z_C.pdb
3n9z_C.pdb	4n7v_C.pdb
5o9s_C.pdb	5o9s_C.pdb
5gk9_B.pdb	5gk9_B.pdb
2xze_Q.pdb	2xze_Q.pdb
4y6l_C.pdb	4y6l_C.pdb
6m64_B.pdb	6m64_B.pdb
5lxr_B.pdb	5lxr_B.pdb
7cna_B.pdb	7cna_B.pdb
7cna_B.pdb	6gnx_B.pdb
6h6a_E.pdb	6h6a_E.pdb
6caj_E.pdb	6caj_E.pdb
6caj_E.pdb	2ast_B.pdb
6caj_E.pdb	1fqv_A.pdb
6caj_E.pdb	2ovr_B.pdb
6caj_E.pdb	5v4b_B.pdb
6caj_E.pdb	6icz_W.pdb
6caj_E.pdb	5xbf_A.pdb
6caj_E.pdb	3f8u_B.pdb
6caj_E.pdb	4d0n_B.pdb
6caj_E.pdb	3avr_A.pdb
6caj_E.pdb	6f6d_A.pdb
6caj_E.pdb	2gl7_A.pdb
6caj_E.pdb	1th1_A.pdb
6caj_E.pdb	7k0m_B.pdb
6caj_E.pdb	7k0k_B.pdb
6caj_E.pdb	1p22_A.pdb
6caj_E.pdb	6wnx_A.pdb
6caj_E.pdb	2y9q_A.pdb
6caj_E.pdb	4iza_A.pdb
6caj_E.pdb	4nif_B.pdb
6caj_E.pdb	4yc6_A.pdb
6caj_E.pdb	6gu2_A.pdb
6caj_E.pdb	1h28_A.pdb
6caj_E.pdb	1buh_A.pdb
6caj_E.pdb	2jgz_A.pdb
6caj_E.pdb	2cci_A.pdb
6caj_E.pdb	1h25_A.pdb
6caj_E.pdb	7kjs_A.pdb
6caj_E.pdb	5uq2_A.pdb
6caj_E.pdb	1jsu_A.pdb
6caj_E.pdb	6t41_A.pdb
6caj_E.pdb	4nm5_A.pdb
6caj_E.pdb	2okr_A.pdb
6caj_E.pdb	4yr8_A.pdb
6caj_E.pdb	4imy_A.pdb
6caj_E.pdb	3mi9_A.pdb
6caj_E.pdb	7b5o_J.pdb
6caj_E.pdb	7cx2_B.pdb
6caj_E.pdb	6os9_B.pdb
6caj_E.pdb	7jvr_B.pdb
6caj_E.pdb	6uva_B.pdb
6caj_E.pdb	7cmv_B.pdb
6caj_E.pdb	6pb1_B.pdb
6caj_E.pdb	6kpf_B.pdb
6caj_E.pdb	6x18_B.pdb
6caj_E.pdb	6uus_B.pdb
6caj_E.pdb	6uun_B.pdb
6caj_E.pdb	7e2x_B.pdb
6caj_E.pdb	7d77_B.pdb
6caj_E.pdb	4ic7_A.pdb
6caj_E.pdb	2bfd_A.pdb
6caj_E.pdb	4lx0_B.pdb
6caj_E.pdb	7bsv_C.pdb
6caj_E.pdb	6k7l_C.pdb
6caj_E.pdb	4nif_A.pdb
6caj_E.pdb	6l59_B.pdb
6caj_E.pdb	6om1_B.pdb
6caj_E.pdb	6kde_B.pdb
6caj_E.pdb	5f0p_B.pdb
6caj_E.pdb	5f0j_B.pdb
6caj_E.pdb	6l59_A.pdb
6caj_E.pdb	6kde_A.pdb
6caj_E.pdb	5hyn_B.pdb
6caj_E.pdb	6pau_A.pdb
6caj_E.pdb	5o9s_A.pdb
6caj_E.pdb	3tg5_A.pdb
6caj_E.pdb	4o6f_A.pdb
6caj_E.pdb	7k0k_A.pdb
6caj_E.pdb	7k0m_A.pdb
5xau_C.pdb	5xau_C.pdb
2p5e_C.pdb	2p5e_C.pdb
6erh_M.pdb	6erh_M.pdb
3gj9_C.pdb	3gj9_C.pdb
3pl7_C.pdb	3pl7_C.pdb
3pl7_C.pdb	3pk1_B.pdb
3tiw_C.pdb	3tiw_C.pdb
7bbl_A.pdb	7bbl_A.pdb
3bua_E.pdb	3bua_E.pdb
3bzf_P.pdb	3bzf_P.pdb
3bzf_P.pdb	3bze_P.pdb
3bh9_C.pdb	3bh9_C.pdb
1ycr_A.pdb	1ycr_A.pdb
1ycr_A.pdb	6vme_B.pdb
1ycr_A.pdb	1oey_A.pdb
5wvo_D.pdb	5wvo_D.pdb
5wvo_D.pdb	4gus_C.pdb
3mrp_P.pdb	3mrp_P.pdb
3lv3_C.pdb	3lv3_C.pdb
5hky_B.pdb	5hky_B.pdb
6byh_E.pdb	6byh_E.pdb
5vaq_C.pdb	5vaq_C.pdb
6igx_B.pdb	6igx_B.pdb
6igx_B.pdb	5e33_A.pdb
6igx_B.pdb	4byf_A.pdb
6igx_B.pdb	4ol0_B.pdb
6igx_B.pdb	4n3a_A.pdb
6igx_B.pdb	5xau_A.pdb
6igx_B.pdb	6sh6_A.pdb
6igx_B.pdb	6trw_A.pdb
6igx_B.pdb	6w6w_A.pdb
6bd2_C.pdb	6bd2_C.pdb
5bs0_C.pdb	5bs0_C.pdb
3czf_C.pdb	3czf_C.pdb
3czf_C.pdb	5ib2_C.pdb
5cx3_E.pdb	5cx3_E.pdb
2gl7_B.pdb	2gl7_B.pdb
2z7f_I.pdb	2z7f_I.pdb
6ei2_C.pdb	6ei2_C.pdb
5meo_C.pdb	5meo_C.pdb
6y1j_P.pdb	6y1j_P.pdb
5xyf_B.pdb	5xyf_B.pdb
3ln5_C.pdb	3ln5_C.pdb
4yjl_G.pdb	4yjl_G.pdb
6y8d_B.pdb	6y8d_B.pdb
5aox_A.pdb	5aox_A.pdb
5aox_A.pdb	4a69_C.pdb
5aox_A.pdb	7dvq_7.pdb
7c5d_C.pdb	7c5d_C.pdb
4upu_B.pdb	4upu_B.pdb
5ja4_C.pdb	5ja4_C.pdb
1yk0_E.pdb	1yk0_E.pdb
1yk0_E.pdb	1yk1_E.pdb
7dvq_y.pdb	7dvq_y.pdb
6wzg_P.pdb	6wzg_P.pdb
6wzg_P.pdb	7d68_P.pdb
6j4v_C.pdb	6j4v_C.pdb
6j4v_C.pdb	6j8f_C.pdb
5gtu_B.pdb	5gtu_B.pdb
5gtu_B.pdb	5ixi_B.pdb
2ybf_B.pdb	2ybf_B.pdb
1ycr_B.pdb	1ycr_B.pdb
3r85_E.pdb	3r85_E.pdb
3sf4_D.pdb	3sf4_D.pdb
4es0_C.pdb	4es0_C.pdb
1oc0_B.pdb	1oc0_B.pdb
4yyp_B.pdb	4yyp_B.pdb
5eu5_C.pdb	5eu5_C.pdb
1t29_B.pdb	1t29_B.pdb
4iza_B.pdb	4iza_B.pdb
4iza_B.pdb	4eoz_A.pdb
4iza_B.pdb	3gzn_I.pdb
4iza_B.pdb	2nvu_I.pdb
4iza_B.pdb	3dqv_A.pdb
4iza_B.pdb	4fjv_B.pdb
4iza_B.pdb	4xkl_A.pdb
4iza_B.pdb	4auq_C.pdb
4iza_B.pdb	6sqo_C.pdb
4iza_B.pdb	3n3k_B.pdb
4iza_B.pdb	5l8h_B.pdb
4iza_B.pdb	6tuv_D.pdb
4iza_B.pdb	5n38_B.pdb
4iza_B.pdb	3ifw_B.pdb
4iza_B.pdb	5hpk_B.pdb
4iza_B.pdb	6fge_C.pdb
4iza_B.pdb	6qml_B.pdb
4iza_B.pdb	5kyc_C.pdb
4iza_B.pdb	3tmp_B.pdb
4iza_B.pdb	5txk_B.pdb
4iza_B.pdb	4ap4_C.pdb
4iza_B.pdb	3zni_D.pdb
4iza_B.pdb	6dgf_B.pdb
4iza_B.pdb	6pgv_B.pdb
4iza_B.pdb	4uel_B.pdb
4iza_B.pdb	3nhe_B.pdb
4iza_B.pdb	3v6c_B.pdb
4iza_B.pdb	6asr_A.pdb
4iza_B.pdb	6nxk_A.pdb
4iza_B.pdb	5hpt_B.pdb
4iza_B.pdb	3o65_B.pdb
4iza_B.pdb	7bbd_D.pdb
4iza_B.pdb	5l8w_C.pdb
4iza_B.pdb	5hps_B.pdb
4js0_B.pdb	4js0_B.pdb
2vwf_B.pdb	2vwf_B.pdb
3avr_B.pdb	3avr_B.pdb
3avr_B.pdb	6f6d_B.pdb
2ypa_D.pdb	2ypa_D.pdb
2o61_A.pdb	2o61_A.pdb
2o61_A.pdb	5fu6_A.pdb
2o61_A.pdb	1jey_B.pdb
2o61_A.pdb	6erh_B.pdb
2o61_A.pdb	3nvq_B.pdb
2o61_A.pdb	3e0j_A.pdb
2o61_A.pdb	4us0_S.pdb
2o61_A.pdb	6epo_S.pdb
2o61_A.pdb	4cgy_A.pdb
2o61_A.pdb	1nql_A.pdb
2o61_A.pdb	5wb7_A.pdb
2o61_A.pdb	1mox_A.pdb
2o61_A.pdb	5i25_A.pdb
2o61_A.pdb	4g8a_A.pdb
2o61_A.pdb	3b2d_A.pdb
2o61_A.pdb	3ojy_A.pdb
2o61_A.pdb	6qio_A.pdb
4ewr_C.pdb	4ewr_C.pdb
4ewr_C.pdb	3kv4_B.pdb
5un7_B.pdb	5un7_B.pdb
4dpg_I.pdb	4dpg_I.pdb
6gei_L.pdb	6gei_L.pdb
4uu5_B.pdb	4uu5_B.pdb
5w69_I.pdb	5w69_I.pdb
4wnd_B.pdb	4wnd_B.pdb
4c4k_O.pdb	4c4k_O.pdb
4c4k_O.pdb	2wp3_O.pdb
4c4k_O.pdb	3n7p_D.pdb
4c4k_O.pdb	5mr4_A.pdb
4c4k_O.pdb	5aox_B.pdb
4c4k_O.pdb	4gs7_A.pdb
4c4k_O.pdb	2z3q_A.pdb
4c4k_O.pdb	3w5k_B.pdb
4c4k_O.pdb	5lsi_D.pdb
4c4k_O.pdb	4drb_A.pdb
4c4k_O.pdb	6wlz_N.pdb
4c4k_O.pdb	5tuv_B.pdb
4c4k_O.pdb	5tuu_B.pdb
4c4k_O.pdb	7l3l_B.pdb
4c4k_O.pdb	3n1m_C.pdb
4c4k_O.pdb	4h5s_A.pdb
4c4k_O.pdb	1hcn_A.pdb
4c4k_O.pdb	4ay9_A.pdb
4c4k_O.pdb	6pai_E.pdb
4c4k_O.pdb	2gwf_B.pdb
4c4k_O.pdb	5vxz_C.pdb
4c4k_O.pdb	1e50_A.pdb
4c4k_O.pdb	6mib_B.pdb
4c4k_O.pdb	6umt_B.pdb
4c4k_O.pdb	4h6j_A.pdb
4c4k_O.pdb	3f1p_A.pdb
4c4k_O.pdb	3gs2_A.pdb
4c4k_O.pdb	6pog_A.pdb
4c4k_O.pdb	3k6g_A.pdb
4c4k_O.pdb	4s3o_C.pdb
4c4k_O.pdb	3rpg_B.pdb
4c4k_O.pdb	1t0p_B.pdb
5crv_C.pdb	5crv_C.pdb
4gqb_C.pdb	4gqb_C.pdb
4po6_B.pdb	4po6_B.pdb
5x8q_A.pdb	5x8q_A.pdb
5x8q_A.pdb	5dse_B.pdb
5x8q_A.pdb	1uhl_B.pdb
5x8q_A.pdb	1p8d_A.pdb
5x8q_A.pdb	3n00_A.pdb
5x8q_A.pdb	4bvy_A.pdb
5x8q_A.pdb	5y6l_A.pdb
5x8q_A.pdb	3mi9_B.pdb
5x8q_A.pdb	4imy_B.pdb
5x8q_A.pdb	6lth_M.pdb
5x8q_A.pdb	6j8f_B.pdb
5x8q_A.pdb	6j4v_A.pdb
5x8q_A.pdb	5v22_A.pdb
5x8q_A.pdb	5jlb_A.pdb
5x8q_A.pdb	5efq_B.pdb
5x8q_A.pdb	4nst_B.pdb
5x8q_A.pdb	1xvp_B.pdb
5x8q_A.pdb	6sen_A.pdb
5x8q_A.pdb	6seo_A.pdb
5x8q_A.pdb	6gei_A.pdb
5x8q_A.pdb	4fjv_A.pdb
5x8q_A.pdb	4ldt_A.pdb
5x8q_A.pdb	1n0w_A.pdb
5x8q_A.pdb	1rdt_D.pdb
5x8q_A.pdb	5ji0_D.pdb
5x8q_A.pdb	6d94_A.pdb
5x8q_A.pdb	1xvp_A.pdb
5x8q_A.pdb	1uhl_A.pdb
5x8q_A.pdb	1rdt_A.pdb
5x8q_A.pdb	7a78_A.pdb
5x8q_A.pdb	6a5z_D.pdb
5x8q_A.pdb	5ji0_A.pdb
5x8q_A.pdb	4isn_A.pdb
5x8q_A.pdb	3s97_A.pdb
5x8q_A.pdb	1k7l_A.pdb
5x8q_A.pdb	1m2z_A.pdb
5x8q_A.pdb	6y32_A.pdb
5x8q_A.pdb	5ius_C.pdb
5x8q_A.pdb	6e5b_H.pdb
5x8q_A.pdb	6yxq_A.pdb
5x8q_A.pdb	7kjs_B.pdb
5x8q_A.pdb	3g65_C.pdb
5x8q_A.pdb	6j8y_B.pdb
5x8q_A.pdb	1jsu_B.pdb
5x8q_A.pdb	1h28_B.pdb
5x8q_A.pdb	1h25_B.pdb
5x8q_A.pdb	2cci_B.pdb
5x8q_A.pdb	2ot3_A.pdb
5x8q_A.pdb	2q9q_B.pdb
5x8q_A.pdb	2e9x_D.pdb
5x8q_A.pdb	5d2m_A.pdb
5x8q_A.pdb	4w5v_A.pdb
5e0u_D.pdb	5e0u_D.pdb
4o2c_C.pdb	4o2c_C.pdb
4naw_C.pdb	4naw_C.pdb
4naw_C.pdb	4tq0_B.pdb
3ewt_E.pdb	3ewt_E.pdb
3al3_A.pdb	3al3_A.pdb
3al3_A.pdb	3k9m_A.pdb
3al3_A.pdb	6z1n_B.pdb
3al3_A.pdb	5xqz_A.pdb
3al3_A.pdb	5brk_A.pdb
3al3_A.pdb	6j8y_C.pdb
3al3_A.pdb	3g65_B.pdb
3al3_A.pdb	7e2x_R.pdb
3al3_A.pdb	5ybv_A.pdb
3al3_A.pdb	2ve7_C.pdb
3al3_A.pdb	2a1t_S.pdb
3al3_A.pdb	2a1u_B.pdb
3al3_A.pdb	3a4u_A.pdb
3al3_A.pdb	5jh5_A.pdb
3al3_A.pdb	5hky_A.pdb
3al3_A.pdb	3abd_A.pdb
3al3_A.pdb	4gk0_A.pdb
3al3_A.pdb	6id1_W.pdb
3al3_A.pdb	2q9q_D.pdb
3al3_A.pdb	7ae1_H.pdb
3al3_A.pdb	7dvq_Y.pdb
3al3_A.pdb	4dck_C.pdb
3al3_A.pdb	4bkx_A.pdb
3al3_A.pdb	3e0j_B.pdb
2h6p_C.pdb	2h6p_C.pdb
3nmx_D.pdb	3nmx_D.pdb
3lqj_A.pdb	3lqj_A.pdb
3lqj_A.pdb	3msx_B.pdb
3lqj_A.pdb	3q3j_B.pdb
3lqj_A.pdb	4or9_B.pdb
3lqj_A.pdb	6nuc_B.pdb
3lqj_A.pdb	5sve_B.pdb
3lqj_A.pdb	4f0z_B.pdb
3lqj_A.pdb	1m63_B.pdb
3lqj_A.pdb	3ll8_B.pdb
3lqj_A.pdb	1u7f_B.pdb
3lqj_A.pdb	1u7v_B.pdb
3lqj_A.pdb	4txr_A.pdb
3lqj_A.pdb	5n9g_B.pdb
3lqj_A.pdb	3t5x_A.pdb
4gus_B.pdb	4gus_B.pdb
6eww_E.pdb	6eww_E.pdb
3kuj_B.pdb	3kuj_B.pdb
2y9q_B.pdb	2y9q_B.pdb
6zvh_a.pdb	6zvh_a.pdb
6zvh_a.pdb	5d1m_B.pdb
6zvh_a.pdb	1nfi_B.pdb
6zvh_a.pdb	6l81_A.pdb
6zvh_a.pdb	2gh0_C.pdb
3t1n_C.pdb	3t1n_C.pdb
5x6v_F.pdb	5x6v_F.pdb
5x6v_F.pdb	3dxe_A.pdb
5x6v_F.pdb	6cwx_A.pdb
2wjv_D.pdb	2wjv_D.pdb
2z5k_B.pdb	2z5k_B.pdb
5yy9_C.pdb	5yy9_C.pdb
1t0p_A.pdb	1t0p_A.pdb
1t0p_A.pdb	4m76_B.pdb
1t0p_A.pdb	6e5b_I.pdb
1t0p_A.pdb	3cqc_B.pdb
1t0p_A.pdb	4h3k_B.pdb
1t0p_A.pdb	3hr4_A.pdb
6iyc_A.pdb	6iyc_A.pdb
6iyc_A.pdb	6idf_A.pdb
6iyc_A.pdb	2nvu_B.pdb
6iyc_A.pdb	6wlz_A.pdb
6iyc_A.pdb	5e6s_A.pdb
6iyc_A.pdb	6vax_A.pdb
6iyc_A.pdb	6sn1_A.pdb
6iyc_A.pdb	5luz_A.pdb
6iyc_A.pdb	3nvq_A.pdb
6iyc_A.pdb	3ol2_B.pdb
6iyc_A.pdb	4egc_A.pdb
6iyc_A.pdb	3ol2_A.pdb
6iyc_A.pdb	3vi3_A.pdb
6iyc_A.pdb	4um9_A.pdb
6iyc_A.pdb	6om1_A.pdb
6iyc_A.pdb	4um8_A.pdb
6iyc_A.pdb	1kfu_L.pdb
6iyc_A.pdb	5l3d_A.pdb
6iyc_A.pdb	3zms_A.pdb
6iyc_A.pdb	2uxn_A.pdb
6iyc_A.pdb	4czz_A.pdb
1nlw_B.pdb	1nlw_B.pdb
1nlw_B.pdb	6g6k_B.pdb
1nlw_B.pdb	6g6k_A.pdb
1nlw_B.pdb	6ehp_E.pdb
1nlw_B.pdb	4a5x_A.pdb
1nlw_B.pdb	6qnx_B.pdb
1nlw_B.pdb	5x6v_D.pdb
1nlw_B.pdb	6b9x_D.pdb
1nlw_B.pdb	6ehr_D.pdb
1nlw_B.pdb	4f52_B.pdb
1nlw_B.pdb	3dpl_R.pdb
4z9v_A.pdb	4z9v_A.pdb
4z9v_A.pdb	3r85_A.pdb
4z9v_A.pdb	3pl7_A.pdb
4z9v_A.pdb	5fmk_A.pdb
4z9v_A.pdb	4hnj_A.pdb
4z9v_A.pdb	2p1l_A.pdb
4z9v_A.pdb	4qvf_A.pdb
4z9v_A.pdb	4qve_A.pdb
4z9v_A.pdb	3kxc_A.pdb
4z9v_A.pdb	4b4s_A.pdb
4z9v_A.pdb	3mxn_A.pdb
4z9v_A.pdb	5c6h_A.pdb
4z9v_A.pdb	5c3f_A.pdb
4z9v_A.pdb	6qfi_A.pdb
4z9v_A.pdb	3pk1_A.pdb
4z9v_A.pdb	4zie_A.pdb
4z9v_A.pdb	4bd2_A.pdb
4z9v_A.pdb	5vwy_A.pdb
4z9v_A.pdb	3ojy_C.pdb
4z9v_A.pdb	6df3_C.pdb
4z9v_A.pdb	6zxe_x.pdb
4z9v_A.pdb	3uvj_A.pdb
4z9v_A.pdb	3uvj_B.pdb
4z9v_A.pdb	6s8s_A.pdb
4z9v_A.pdb	6zmt_K.pdb
4z9v_A.pdb	6zxe_F.pdb
4z9v_A.pdb	6zvh_F.pdb
4z9v_A.pdb	6hay_B.pdb
4z9v_A.pdb	6hr2_B.pdb
4z9v_A.pdb	1lqb_C.pdb
4z9v_A.pdb	3s97_C.pdb
4z9v_A.pdb	2ggm_A.pdb
4z9v_A.pdb	4yr8_B.pdb
4z9v_A.pdb	5tuu_A.pdb
4z9v_A.pdb	2aze_A.pdb
4z9v_A.pdb	5vbn_B.pdb
4z9v_A.pdb	6mgp_X.pdb
4z9v_A.pdb	3ojv_A.pdb
4z9v_A.pdb	3oj2_A.pdb
4z9v_A.pdb	3tmp_A.pdb
4z9v_A.pdb	5fu6_C.pdb
4z9v_A.pdb	5w59_A.pdb
4z9v_A.pdb	6w6w_D.pdb
4z9v_A.pdb	6ehr_A.pdb
4z9v_A.pdb	6b9x_C.pdb
4z9v_A.pdb	1cvs_A.pdb
4z9v_A.pdb	1iil_A.pdb
4z9v_A.pdb	5hyn_C.pdb
4z9v_A.pdb	1nun_A.pdb
4z9v_A.pdb	2fdb_M.pdb
4z9v_A.pdb	1i8l_C.pdb
4z9v_A.pdb	1e50_B.pdb
4z9v_A.pdb	5jw9_B.pdb
4z9v_A.pdb	3n1m_B.pdb
4z9v_A.pdb	3cuq_C.pdb
4z9v_A.pdb	7egg_F.pdb
4nf9_C.pdb	4nf9_C.pdb
7cz5_P.pdb	7cz5_P.pdb
3vrj_C.pdb	3vrj_C.pdb
4z9v_C.pdb	4z9v_C.pdb
6iyc_C.pdb	6iyc_C.pdb
6iyc_C.pdb	6idf_C.pdb
6iyc_C.pdb	2qrv_A.pdb
6iyc_C.pdb	6pa7_K.pdb
6iyc_C.pdb	6wlw_0.pdb
6iyc_C.pdb	3f7p_C.pdb
6iyc_C.pdb	4y97_B.pdb
6iyc_C.pdb	6kwy_F.pdb
6iyc_C.pdb	6e5b_F.pdb
6iyc_C.pdb	5le5_F.pdb
6iyc_C.pdb	4mne_A.pdb
6iyc_C.pdb	4bxo_A.pdb
6iyc_C.pdb	3g65_A.pdb
6iyc_C.pdb	3cqc_A.pdb
6iyc_C.pdb	5gk9_A.pdb
6iyc_C.pdb	4dnc_A.pdb
6iyc_C.pdb	6e5b_M.pdb
6iyc_C.pdb	6kwy_M.pdb
6iyc_C.pdb	6tuv_A.pdb
6iyc_C.pdb	7cfm_R.pdb
6iyc_C.pdb	6caj_G.pdb
7ae1_G.pdb	7ae1_G.pdb
7ae1_G.pdb	4bxo_B.pdb
7ae1_G.pdb	6epo_R.pdb
7ae1_G.pdb	1wq1_R.pdb
7ae1_G.pdb	6v6f_C.pdb
7ae1_G.pdb	6xgv_A.pdb
7ae1_G.pdb	5tb5_A.pdb
7ae1_G.pdb	4us0_R.pdb
7ae1_G.pdb	7jhp_A.pdb
7ae1_G.pdb	2ngr_A.pdb
7ae1_G.pdb	4yon_B.pdb
7ae1_G.pdb	2odb_A.pdb
7ae1_G.pdb	1hh4_A.pdb
7ae1_G.pdb	2yin_C.pdb
7ae1_G.pdb	5qqj_A.pdb
7ae1_G.pdb	1ds6_A.pdb
7ae1_G.pdb	4js0_A.pdb
7ae1_G.pdb	1ki1_A.pdb
7ae1_G.pdb	2nz8_A.pdb
7ae1_G.pdb	2wm9_B.pdb
7ae1_G.pdb	3oj2_C.pdb
7ae1_G.pdb	2fdb_P.pdb
7ae1_G.pdb	1iil_E.pdb
7ae1_G.pdb	1nun_B.pdb
7ae1_G.pdb	6wlz_H.pdb
7ae1_G.pdb	4s0u_C.pdb
7ae1_G.pdb	2v8s_E.pdb
7ae1_G.pdb	1k5d_A.pdb
7ae1_G.pdb	5dis_B.pdb
7ae1_G.pdb	4ol0_A.pdb
7ae1_G.pdb	1qbk_C.pdb
7ae1_G.pdb	1i2m_A.pdb
7ae1_G.pdb	5cll_A.pdb
7ae1_G.pdb	7b51_B.pdb
7ae1_G.pdb	2ot3_B.pdb
7ae1_G.pdb	1cxz_A.pdb
7ae1_G.pdb	3msx_A.pdb
7ae1_G.pdb	4d0n_A.pdb
7ae1_G.pdb	6r3v_B.pdb
7ae1_G.pdb	4xh9_B.pdb
7ae1_G.pdb	4xoi_A.pdb
7ae1_G.pdb	3ayu_A.pdb
7ae1_G.pdb	1uea_A.pdb
7ae1_G.pdb	2j0t_A.pdb
7ae1_G.pdb	3v96_B.pdb
7ae1_G.pdb	4ilw_D.pdb
7ae1_G.pdb	4hi8_A.pdb
7ae1_G.pdb	3ixe_A.pdb
7ae1_G.pdb	4md4_A.pdb
7ae1_G.pdb	1fv1_A.pdb
7ae1_G.pdb	3l6f_A.pdb
7ae1_G.pdb	6v1a_A.pdb
7ae1_G.pdb	4is6_A.pdb
7ae1_G.pdb	3s5l_A.pdb
7ae1_G.pdb	4x5w_A.pdb
7ae1_G.pdb	4p4k_A.pdb
7ae1_G.pdb	1aqd_A.pdb
7ae1_G.pdb	4fqx_A.pdb
7ae1_G.pdb	1cn4_C.pdb
7ae1_G.pdb	4hga_A.pdb
7ae1_G.pdb	5mzv_B.pdb
7ae1_G.pdb	5mxa_B.pdb
7ae1_G.pdb	5ja4_D.pdb
7ae1_G.pdb	3o65_A.pdb
3vri_C.pdb	3vri_C.pdb
3i1h_B.pdb	3i1h_B.pdb
4ccm_C.pdb	4ccm_C.pdb
2bec_B.pdb	2bec_B.pdb
4n7z_B.pdb	4n7z_B.pdb
6asr_B.pdb	6asr_B.pdb
5dpw_B.pdb	5dpw_B.pdb
4erq_D.pdb	4erq_D.pdb
4erq_D.pdb	4ery_D.pdb
3tsz_B.pdb	3tsz_B.pdb
1xr9_C.pdb	1xr9_C.pdb
6a5z_A.pdb	6a5z_A.pdb
6a5z_A.pdb	3bej_A.pdb
6a5z_A.pdb	7cq5_A.pdb
6a5z_A.pdb	6caj_I.pdb
6a5z_A.pdb	1sq0_A.pdb
6a5z_A.pdb	5xuy_A.pdb
1mk2_B.pdb	1mk2_B.pdb
1mk2_B.pdb	1dev_B.pdb
2o2v_B.pdb	2o2v_B.pdb
6yyx_B.pdb	6yyx_B.pdb
5fer_A.pdb	5fer_A.pdb
5fer_A.pdb	5v8w_A.pdb
5fer_A.pdb	4ccg_X.pdb
5fer_A.pdb	5xjl_B.pdb
5fer_A.pdb	6wlw_T.pdb
5fer_A.pdb	5lxr_A.pdb
6d94_B.pdb	6d94_B.pdb
3ft3_P.pdb	3ft3_P.pdb
4m1l_B.pdb	4m1l_B.pdb
5v6y_E.pdb	5v6y_E.pdb
3rbq_G.pdb	3rbq_G.pdb
4j2j_D.pdb	4j2j_D.pdb
6zbk_B.pdb	6zbk_B.pdb
3zkj_B.pdb	3zkj_B.pdb
3zkj_B.pdb	6hay_C.pdb
3zkj_B.pdb	1lqb_B.pdb
3zkj_B.pdb	6hr2_C.pdb
3zkj_B.pdb	2izv_C.pdb
3zkj_B.pdb	6i5n_C.pdb
3zkj_B.pdb	4yyp_A.pdb
3t5x_B.pdb	3t5x_B.pdb
6qnx_A.pdb	6qnx_A.pdb
6qnx_A.pdb	5w21_A.pdb
6qnx_A.pdb	3w5k_A.pdb
6qnx_A.pdb	2g49_A.pdb
6qnx_A.pdb	5vaq_A.pdb
6qnx_A.pdb	5dis_A.pdb
6qnx_A.pdb	7b51_A.pdb
6qnx_A.pdb	6urg_A.pdb
6qnx_A.pdb	3fey_A.pdb
6qnx_A.pdb	1n52_A.pdb
6qnx_A.pdb	5oob_A.pdb
6qnx_A.pdb	4gus_A.pdb
6ms4_B.pdb	6ms4_B.pdb
3ubw_P.pdb	3ubw_P.pdb
1bh9_A.pdb	1bh9_A.pdb
6trw_D.pdb	6trw_D.pdb
5jlb_B.pdb	5jlb_B.pdb
5jlb_B.pdb	5v22_B.pdb
3l6f_C.pdb	3l6f_C.pdb
5dx0_F.pdb	5dx0_F.pdb
5anr_C.pdb	5anr_C.pdb
6f9w_B.pdb	6f9w_B.pdb
1p8d_C.pdb	1p8d_C.pdb
1p8d_C.pdb	5ji0_E.pdb
4cy2_D.pdb	4cy2_D.pdb
5myc_P.pdb	5myc_P.pdb
3cjk_B.pdb	3cjk_B.pdb
1efx_C.pdb	1efx_C.pdb
3bej_E.pdb	3bej_E.pdb
3bej_E.pdb	1k7l_B.pdb
3eab_G.pdb	3eab_G.pdb
3bo8_C.pdb	3bo8_C.pdb
6b3x_B.pdb	6b3x_B.pdb
1i4f_C.pdb	1i4f_C.pdb
3utq_C.pdb	3utq_C.pdb
6jat_B.pdb	6jat_B.pdb
5iy4_B.pdb	5iy4_B.pdb
7bv4_C.pdb	7bv4_C.pdb
3mcb_B.pdb	3mcb_B.pdb
6rl3_P.pdb	6rl3_P.pdb
6rl3_P.pdb	4mvi_B.pdb
3ovv_B.pdb	3ovv_B.pdb
3ovv_B.pdb	4wb7_I.pdb
7bv4_A.pdb	7bv4_A.pdb
7bv4_A.pdb	3wim_A.pdb
7bv4_A.pdb	3dow_A.pdb
7bv4_A.pdb	3maz_A.pdb
7bv4_A.pdb	2h62_D.pdb
7bv4_A.pdb	4h6j_B.pdb
7bv4_A.pdb	3f1p_B.pdb
7bv4_A.pdb	1nw9_A.pdb
7bv4_A.pdb	5dpw_A.pdb
7bv4_A.pdb	5d94_A.pdb
7bv4_A.pdb	5cx3_A.pdb
7bv4_A.pdb	7ae1_K.pdb
4txr_C.pdb	4txr_C.pdb
6iyc_E.pdb	6iyc_E.pdb
3ln4_C.pdb	3ln4_C.pdb
4dxs_B.pdb	4dxs_B.pdb
7kl5_B.pdb	7kl5_B.pdb
6at5_C.pdb	6at5_C.pdb
1cn4_A.pdb	1cn4_A.pdb
1cn4_A.pdb	3bpl_C.pdb
1cn4_A.pdb	5m5e_C.pdb
1cn4_A.pdb	2b5i_C.pdb
1cn4_A.pdb	2zme_A.pdb
1cn4_A.pdb	3cuq_A.pdb
1cn4_A.pdb	3pv6_A.pdb
1cn4_A.pdb	2f8v_A.pdb
1cn4_A.pdb	3tgx_A.pdb
1cn4_A.pdb	6df3_H.pdb
1cn4_A.pdb	4doh_B.pdb
1cn4_A.pdb	5uwc_G.pdb
1cn4_A.pdb	1t29_A.pdb
1cn4_A.pdb	1a22_B.pdb
1cn4_A.pdb	3uxg_A.pdb
1cn4_A.pdb	3v31_A.pdb
1cn4_A.pdb	3d48_R.pdb
1cn4_A.pdb	1bp3_B.pdb
2flu_P.pdb	2flu_P.pdb
6jat_A.pdb	6jat_A.pdb
6jat_A.pdb	3gzn_A.pdb
6jat_A.pdb	2nvu_A.pdb
6jat_A.pdb	6wlz_D.pdb
6jat_A.pdb	2gjx_A.pdb
6jat_A.pdb	2gjx_B.pdb
6jat_A.pdb	2h6f_B.pdb
6jat_A.pdb	5c46_E.pdb
6jat_A.pdb	6wlw_R.pdb
6jat_A.pdb	6e2p_A.pdb
6jat_A.pdb	5ixd_A.pdb
6jat_A.pdb	5ixi_A.pdb
6jat_A.pdb	3au4_A.pdb
6jat_A.pdb	4po6_A.pdb
6jat_A.pdb	6yyx_A.pdb
6jat_A.pdb	3dw8_B.pdb
6jat_A.pdb	7ae1_O.pdb
6jat_A.pdb	6xog_B.pdb
6jat_A.pdb	3gzn_B.pdb
6jat_A.pdb	4dpg_A.pdb
6jat_A.pdb	6sn1_B.pdb
6jat_A.pdb	6wzg_R.pdb
6jat_A.pdb	6x18_R.pdb
6jat_A.pdb	6s8l_A.pdb
6jat_A.pdb	2wm9_A.pdb
6jat_A.pdb	6oau_A.pdb
6jat_A.pdb	2yin_A.pdb
1aqd_C.pdb	1aqd_C.pdb
3ayu_B.pdb	3ayu_B.pdb
3mmy_B.pdb	3mmy_B.pdb
6pau_C.pdb	6pau_C.pdb
3v6c_A.pdb	3v6c_A.pdb
3v6c_A.pdb	6dgf_A.pdb
3v6c_A.pdb	3nhe_A.pdb
3v6c_A.pdb	5l8h_A.pdb
3v6c_A.pdb	5k1c_A.pdb
3v6c_A.pdb	5l8w_A.pdb
3v6c_A.pdb	6y32_B.pdb
3v6c_A.pdb	7ae1_M.pdb
3v6c_A.pdb	5txk_A.pdb
3v6c_A.pdb	6w6w_C.pdb
3v6c_A.pdb	3uly_A.pdb
3v6c_A.pdb	5mzv_C.pdb
3v6c_A.pdb	2a1u_A.pdb
3v6c_A.pdb	4m76_A.pdb
3v6c_A.pdb	2a1t_R.pdb
3v6c_A.pdb	3mmy_A.pdb
3v6c_A.pdb	6o60_B.pdb
3v6c_A.pdb	6j7x_B.pdb
3v6c_A.pdb	5anr_B.pdb
3v6c_A.pdb	2om2_A.pdb
3v6c_A.pdb	2ihb_A.pdb
3v6c_A.pdb	2ik8_A.pdb
3v6c_A.pdb	2zu6_A.pdb
3v6c_A.pdb	2hyi_C.pdb
3v6c_A.pdb	6g4q_A.pdb
3v6c_A.pdb	6wcv_A.pdb
3v6c_A.pdb	6z1n_A.pdb
3v6c_A.pdb	5c5b_A.pdb
3v6c_A.pdb	5c5b_B.pdb
3t6g_B.pdb	3t6g_B.pdb
3t6g_B.pdb	4qaf_A.pdb
3t6g_B.pdb	5uwc_I.pdb
3t6g_B.pdb	6zbk_A.pdb
3t6g_B.pdb	2i9b_A.pdb
3t6g_B.pdb	6zvh_Q.pdb
3t6g_B.pdb	6mgp_A.pdb
3t6g_B.pdb	3kxc_C.pdb
3t6g_B.pdb	5cll_B.pdb
3t6g_B.pdb	1k5d_B.pdb
3t6g_B.pdb	2gwf_A.pdb
3t6g_B.pdb	1jkg_A.pdb
3t6g_B.pdb	4kax_B.pdb
3t6g_B.pdb	6ehr_G.pdb
3t6g_B.pdb	5bnx_D.pdb
3t6g_B.pdb	5bo0_D.pdb
3t6g_B.pdb	2i32_A.pdb
1z0k_B.pdb	1z0k_B.pdb
1z0k_B.pdb	7b5o_H.pdb
1z0k_B.pdb	2a1j_A.pdb
4u4p_A.pdb	4u4p_A.pdb
4u4p_A.pdb	5anr_A.pdb
4u4p_A.pdb	1li1_C.pdb
4u4p_A.pdb	4p0p_B.pdb
4u4p_A.pdb	1li1_A.pdb
4u4p_A.pdb	6lth_N.pdb
4u4p_A.pdb	3w8h_A.pdb
4u4p_A.pdb	4geh_A.pdb
4u4p_A.pdb	7cz5_R.pdb
4u4p_A.pdb	5j1s_B.pdb
4u4p_A.pdb	4n7z_A.pdb
4u4p_A.pdb	4n7v_A.pdb
4u4p_A.pdb	6e5b_A.pdb
4u4p_A.pdb	5le5_A.pdb
4u4p_A.pdb	7ae1_N.pdb
4u4p_A.pdb	6uva_A.pdb
4u4p_A.pdb	6uus_A.pdb
4u4p_A.pdb	6uun_A.pdb
4u4p_A.pdb	5w59_B.pdb
4u4p_A.pdb	5nvl_A.pdb
4u4p_A.pdb	5nvn_A.pdb
4u4p_A.pdb	7cz5_A.pdb
4u4p_A.pdb	7cfm_A.pdb
4u4p_A.pdb	6pb1_A.pdb
4u4p_A.pdb	7cx2_A.pdb
4u4p_A.pdb	6e5b_D.pdb
4u4p_A.pdb	5le5_D.pdb
4u4p_A.pdb	4n78_D.pdb
4u4p_A.pdb	6p9x_A.pdb
4u4p_A.pdb	3ojv_C.pdb
4u4p_A.pdb	7d77_A.pdb
4u4p_A.pdb	6k41_A.pdb
4u4p_A.pdb	7cmv_A.pdb
4u4p_A.pdb	7jvr_A.pdb
4u4p_A.pdb	7e2x_A.pdb
4u4p_A.pdb	6os9_A.pdb
4u4p_A.pdb	6kpf_A.pdb
4u4p_A.pdb	7e32_A.pdb
4u4p_A.pdb	7jvq_A.pdb
4u4p_A.pdb	6wzg_A.pdb
4u4p_A.pdb	1cvs_C.pdb
4u4p_A.pdb	5w21_C.pdb
4u4p_A.pdb	5hvq_D.pdb
4u4p_A.pdb	4nf9_A.pdb
4u4p_A.pdb	1i8l_A.pdb
4u4p_A.pdb	3pb1_E.pdb
4u4p_A.pdb	6pog_B.pdb
4u4p_A.pdb	5mr4_C.pdb
4u4p_A.pdb	1zjd_A.pdb
4u4p_A.pdb	1yc0_A.pdb
4u4p_A.pdb	6p9x_R.pdb
4u4p_A.pdb	6pb1_P.pdb
4u4p_A.pdb	6pb0_R.pdb
4u4p_A.pdb	1nw9_B.pdb
4u4p_A.pdb	3h11_A.pdb
4u4p_A.pdb	4xoi_B.pdb
4u4p_A.pdb	2iv8_A.pdb
4u4p_A.pdb	6y4g_B.pdb
4u4p_A.pdb	7cna_A.pdb
4u4p_A.pdb	3f1s_B.pdb
4u4p_A.pdb	6upq_B.pdb
4u4p_A.pdb	6upa_B.pdb
4u4p_A.pdb	6upr_B.pdb
4u4p_A.pdb	7d68_R.pdb
4u4p_A.pdb	6lb7_A.pdb
4u4p_A.pdb	4cqm_B.pdb
4u4p_A.pdb	7dvq_2.pdb
4u4p_A.pdb	4cqm_A.pdb
4u4p_A.pdb	6vcd_B.pdb
4u4p_A.pdb	2nz8_B.pdb
4u4p_A.pdb	5ee5_A.pdb
4u4p_A.pdb	5vz4_B.pdb
4u4p_A.pdb	4dxs_A.pdb
4u4p_A.pdb	6ms4_A.pdb
2f69_B.pdb	2f69_B.pdb
7a78_B.pdb	7a78_B.pdb
3bhb_C.pdb	3bhb_C.pdb
3mqp_A.pdb	3mqp_A.pdb
3mqp_A.pdb	2vm6_A.pdb
3mqp_A.pdb	3i1h_A.pdb
3mqp_A.pdb	4zeq_A.pdb
3mqp_A.pdb	5uul_A.pdb
3mqp_A.pdb	4qae_A.pdb
3mqp_A.pdb	6s8v_A.pdb
3mqp_A.pdb	4mvi_A.pdb
3mqp_A.pdb	5qqj_B.pdb
3mqp_A.pdb	3l82_B.pdb
3mqp_A.pdb	6y4l_B.pdb
3mqp_A.pdb	6fp6_A.pdb
3mqp_A.pdb	1ds6_B.pdb
3mqp_A.pdb	1hh4_D.pdb
3mqp_A.pdb	6i5n_A.pdb
3mqp_A.pdb	1f3v_B.pdb
3mqp_A.pdb	1ira_X.pdb
3mqp_A.pdb	4gaf_A.pdb
3mqp_A.pdb	4byf_B.pdb
3mqp_A.pdb	3ewv_A.pdb
3mqp_A.pdb	7byl_B.pdb
3mqp_A.pdb	4gow_D.pdb
3mqp_A.pdb	2wel_D.pdb
3mqp_A.pdb	3ewt_A.pdb
3mqp_A.pdb	2vay_A.pdb
3mqp_A.pdb	4dck_B.pdb
3mqp_A.pdb	4m1l_A.pdb
3mqp_A.pdb	7kl5_A.pdb
3mqp_A.pdb	3hr4_B.pdb
3mqp_A.pdb	3bya_A.pdb
3mqp_A.pdb	5jqa_A.pdb
3mqp_A.pdb	5j03_B.pdb
3mqp_A.pdb	2y4v_A.pdb
3mqp_A.pdb	4upu_A.pdb
3mqp_A.pdb	4y99_A.pdb
3mqp_A.pdb	2q9q_C.pdb
3mqp_A.pdb	2bec_A.pdb
3mqp_A.pdb	2c2v_C.pdb
3mqp_A.pdb	7bbd_A.pdb
3mqp_A.pdb	6if3_B.pdb
3mqp_A.pdb	3tw8_B.pdb
3mqp_A.pdb	6ekk_C.pdb
3mqp_A.pdb	4cym_A.pdb
3mqp_A.pdb	5c46_F.pdb
3mqp_A.pdb	1z0k_A.pdb
3mqp_A.pdb	4lx0_A.pdb
3mqp_A.pdb	1l0a_A.pdb
3mqp_A.pdb	6wg4_B.pdb
3mqp_A.pdb	3ex7_A.pdb
3mqp_A.pdb	2hyi_A.pdb
3mqp_A.pdb	3shv_A.pdb
3mqp_A.pdb	3t1n_A.pdb
3mqp_A.pdb	1xqs_C.pdb
3mqp_A.pdb	5gqq_C.pdb
3mqp_A.pdb	2izv_A.pdb
3mqp_A.pdb	3b2d_C.pdb
3mqp_A.pdb	7egg_D.pdb
3mqp_A.pdb	1f3v_A.pdb
3mqp_A.pdb	4kng_E.pdb
3mqp_A.pdb	4ilw_A.pdb
3mqp_A.pdb	5y6l_C.pdb
3mqp_A.pdb	6wg4_A.pdb
3mqp_A.pdb	4u4p_B.pdb
3mqp_A.pdb	5fu6_B.pdb
3mqp_A.pdb	5gqq_A.pdb
3mqp_A.pdb	7c5d_A.pdb
3mqp_A.pdb	3v96_A.pdb
3mqp_A.pdb	1uea_B.pdb
3mqp_A.pdb	5wqd_A.pdb
3mqp_A.pdb	3bua_A.pdb
3mqp_A.pdb	5t5w_C.pdb
3mqp_A.pdb	5iso_B.pdb
3mqp_A.pdb	5ezv_B.pdb
3mqp_A.pdb	4cgy_B.pdb
6pgv_A.pdb	6pgv_A.pdb
6pgv_A.pdb	3d48_P.pdb
6pgv_A.pdb	4bvy_B.pdb
6pgv_A.pdb	5y6l_B.pdb
6pgv_A.pdb	6xiw_B.pdb
6pgv_A.pdb	7l3l_A.pdb
6pgv_A.pdb	3g9v_B.pdb
6pgv_A.pdb	2xze_A.pdb
6pgv_A.pdb	2ypa_C.pdb
6pgv_A.pdb	2xqn_T.pdb
6pgv_A.pdb	4l0p_A.pdb
6pgv_A.pdb	2wo3_A.pdb
6pgv_A.pdb	2e9x_B.pdb
6pgv_A.pdb	2q9q_A.pdb
6pgv_A.pdb	5tb5_B.pdb
6pgv_A.pdb	2d07_A.pdb
6pgv_A.pdb	1wyw_A.pdb
6pgv_A.pdb	3gxu_A.pdb
6pgv_A.pdb	6h6a_D.pdb
6pgv_A.pdb	5l7k_A.pdb
6pgv_A.pdb	3rbq_A.pdb
6pgv_A.pdb	4x0l_A.pdb
6pgv_A.pdb	3w4u_A.pdb
6pgv_A.pdb	4mqk_A.pdb
6pgv_A.pdb	1a9w_A.pdb
6pgv_A.pdb	6kye_A.pdb
6pgv_A.pdb	1shr_A.pdb
6pgv_A.pdb	5ifs_A.pdb
6pgv_A.pdb	6j7x_C.pdb
6pgv_A.pdb	3a98_A.pdb
6pgv_A.pdb	1bi8_B.pdb
6pgv_A.pdb	1g3n_B.pdb
6pgv_A.pdb	1oqd_A.pdb
6pgv_A.pdb	4dck_A.pdb
6pgv_A.pdb	7dvq_8.pdb
6pgv_A.pdb	1jkg_B.pdb
6pgv_A.pdb	4cym_D.pdb
6pgv_A.pdb	3g9v_A.pdb
6pgv_A.pdb	5t46_A.pdb
6pgv_A.pdb	3am7_A.pdb
6pgv_A.pdb	4ued_A.pdb
6pgv_A.pdb	6khs_A.pdb
6pgv_A.pdb	5xyf_A.pdb
6pgv_A.pdb	6icz_S.pdb
6pgv_A.pdb	6id1_S.pdb
6pgv_A.pdb	2bo9_B.pdb
6pgv_A.pdb	7bbd_B.pdb
6pgv_A.pdb	6if3_A.pdb
3uxg_B.pdb	3uxg_B.pdb
3uxg_B.pdb	3v31_B.pdb
7d2t_A.pdb	7d2t_A.pdb
7d2t_A.pdb	3zyi_B.pdb
7d2t_A.pdb	5wpa_B.pdb
7d2t_A.pdb	6wmz_B.pdb
7d2t_A.pdb	6wmz_A.pdb
7d2t_A.pdb	5wpa_A.pdb
7d2t_A.pdb	3sde_B.pdb
7d2t_A.pdb	3sde_A.pdb
7d2t_A.pdb	3bpl_B.pdb
7d2t_A.pdb	3l6f_B.pdb
7d2t_A.pdb	4md4_B.pdb
7d2t_A.pdb	1fv1_B.pdb
7d2t_A.pdb	3s5l_B.pdb
7d2t_A.pdb	6v1a_B.pdb
7d2t_A.pdb	4is6_B.pdb
7d2t_A.pdb	4x5w_B.pdb
7d2t_A.pdb	4p4k_B.pdb
7d2t_A.pdb	4fqx_B.pdb
7d2t_A.pdb	6m64_A.pdb
7d2t_A.pdb	1u7f_A.pdb
7d2t_A.pdb	1mk2_A.pdb
7d2t_A.pdb	1u7v_A.pdb
7d2t_A.pdb	1dev_A.pdb
7d2t_A.pdb	6obn_C.pdb
7d2t_A.pdb	5l9b_A.pdb
7d2t_A.pdb	5zgc_A.pdb
7d2t_A.pdb	6u3v_A.pdb
7d2t_A.pdb	4cru_B.pdb
7d2t_A.pdb	7b5o_I.pdb
7d2t_A.pdb	6t41_B.pdb
7d2t_A.pdb	1ydi_A.pdb
7d2t_A.pdb	4dj9_A.pdb
7d2t_A.pdb	4ehp_A.pdb
7d2t_A.pdb	4egc_B.pdb
7d2t_A.pdb	6u3v_B.pdb
7d2t_A.pdb	2c0l_A.pdb
3tg5_B.pdb	3tg5_B.pdb
7jhp_C.pdb	7jhp_C.pdb
7jhp_C.pdb	6xgv_B.pdb
7jfl_C.pdb	7jfl_C.pdb
5svh_B.pdb	5svh_B.pdb
4dhx_B.pdb	4dhx_B.pdb
4dhx_B.pdb	7dvq_0.pdb
4imy_G.pdb	4imy_G.pdb
3bqo_B.pdb	3bqo_B.pdb
5jw9_A.pdb	5jw9_A.pdb
4doh_A.pdb	4doh_A.pdb
1oqd_K.pdb	1oqd_K.pdb
5xjl_E.pdb	5xjl_E.pdb
5xjl_E.pdb	5xjl_F.pdb
5xjl_E.pdb	6ieh_A.pdb
2y4v_B.pdb	2y4v_B.pdb
5zgc_G.pdb	5zgc_G.pdb
4no0_C.pdb	4no0_C.pdb
4y99_B.pdb	4y99_B.pdb
5l9b_C.pdb	5l9b_C.pdb
6nnq_A.pdb	6nnq_A.pdb
6nnq_A.pdb	2iy1_A.pdb
6nnq_A.pdb	2io0_A.pdb
6nnq_A.pdb	1tgz_A.pdb
6nnq_A.pdb	2iy0_A.pdb
6nnq_A.pdb	2io1_A.pdb
6nnq_A.pdb	1i4o_A.pdb
6nnq_A.pdb	6y4g_A.pdb
6nnq_A.pdb	1a22_A.pdb
6nnq_A.pdb	1bp3_A.pdb
6nnq_A.pdb	5e0u_A.pdb
6nnq_A.pdb	6k3a_A.pdb
6nnq_A.pdb	1u76_A.pdb
6nnq_A.pdb	5iy4_A.pdb
6nnq_A.pdb	6acp_A.pdb
6nnq_A.pdb	6acl_A.pdb
6nnq_A.pdb	2flu_X.pdb
6nnq_A.pdb	5y6l_D.pdb
6nnq_A.pdb	4qam_B.pdb
6nnq_A.pdb	3ifw_A.pdb
6nnq_A.pdb	6qml_A.pdb
6nnq_A.pdb	6kwy_N.pdb
6nnq_A.pdb	5xuy_B.pdb
6nnq_A.pdb	3doe_A.pdb
6nnq_A.pdb	6fae_B.pdb
6nnq_A.pdb	5ee5_B.pdb
6nnq_A.pdb	4kax_A.pdb
6nnq_A.pdb	1upt_A.pdb
6nnq_A.pdb	6zvh_C.pdb
6nnq_A.pdb	3h11_B.pdb
6nnq_A.pdb	5j1s_A.pdb
6nnq_A.pdb	5e4e_C.pdb
6nnq_A.pdb	3gtu_A.pdb
6nnq_A.pdb	3gtu_B.pdb
6nnq_A.pdb	1kfu_S.pdb
1h28_E.pdb	1h28_E.pdb
4hpl_B.pdb	4hpl_B.pdb
4hpl_B.pdb	5jh5_C.pdb
5jqa_B.pdb	5jqa_B.pdb
6ine_B.pdb	6ine_B.pdb
6ine_B.pdb	6nbw_N.pdb
6ine_B.pdb	3k1r_A.pdb
6ine_B.pdb	6nbw_P.pdb
6ine_B.pdb	6b9h_A.pdb
6ine_B.pdb	7d2t_B.pdb
6ine_B.pdb	3agz_A.pdb
6ine_B.pdb	3a98_B.pdb
6ine_B.pdb	4ccg_A.pdb
6ine_B.pdb	1c4z_D.pdb
6ine_B.pdb	1fbv_C.pdb
6ine_B.pdb	2nvu_C.pdb
6ine_B.pdb	6i4y_B.pdb
6ine_B.pdb	7bbd_C.pdb
6ine_B.pdb	2c2v_B.pdb
6ine_B.pdb	5wrv_B.pdb
6ine_B.pdb	4ap4_B.pdb
6ine_B.pdb	4ldt_C.pdb
6ine_B.pdb	6sqo_B.pdb
6ine_B.pdb	4auq_A.pdb
6ine_B.pdb	5d1m_A.pdb
6ine_B.pdb	3zni_C.pdb
6ine_B.pdb	5fer_B.pdb
6ine_B.pdb	2yle_A.pdb
6ine_B.pdb	2qrv_B.pdb
6ine_B.pdb	4u7t_B.pdb
6ine_B.pdb	6pa7_N.pdb
6ine_B.pdb	4yii_U.pdb
6ine_B.pdb	3mxn_B.pdb
5j03_A.pdb	5j03_A.pdb
6c6k_C.pdb	6c6k_C.pdb
1n4m_C.pdb	1n4m_C.pdb
2g49_C.pdb	2g49_C.pdb
4fq3_B.pdb	4fq3_B.pdb
3qfa_C.pdb	3qfa_C.pdb
3qfa_C.pdb	1uw4_A.pdb
3qfa_C.pdb	6icz_P.pdb
3qfa_C.pdb	6id1_P.pdb
3qfa_C.pdb	4uel_C.pdb
3qfa_C.pdb	2ik8_B.pdb
3qfa_C.pdb	2ihb_B.pdb
3qfa_C.pdb	2b5i_D.pdb
5n92_A.pdb	5n92_A.pdb
5n92_A.pdb	5n92_F.pdb
5n92_A.pdb	2aw2_A.pdb
6igx_A.pdb	6igx_A.pdb
4h10_A.pdb	4h10_A.pdb
2dyp_C.pdb	2dyp_C.pdb
2xpg_C.pdb	2xpg_C.pdb
3eu7_X.pdb	3eu7_X.pdb
6at9_C.pdb	6at9_C.pdb
6at9_C.pdb	5vz5_C.pdb
5y6l_E.pdb	5y6l_E.pdb
2i32_E.pdb	2i32_E.pdb
6rjl_P.pdb	6rjl_P.pdb
5xqz_C.pdb	5xqz_C.pdb
5xqz_C.pdb	5brk_B.pdb
5xqz_C.pdb	6l81_B.pdb
6r2l_C.pdb	6r2l_C.pdb
4bxf_C.pdb	4bxf_C.pdb
3fqt_C.pdb	3fqt_C.pdb
5e8j_C.pdb	5e8j_C.pdb
3bya_B.pdb	3bya_B.pdb
3bya_B.pdb	2vay_B.pdb
5luz_C.pdb	5luz_C.pdb
4cfr_Q.pdb	4cfr_Q.pdb
3shv_C.pdb	3shv_C.pdb
5wqd_H.pdb	5wqd_H.pdb
5t6y_C.pdb	5t6y_C.pdb
6zxe_R.pdb	6zxe_R.pdb
6zxe_R.pdb	6zvh_R.pdb
6zxe_R.pdb	6zmt_S.pdb
6zxe_R.pdb	7ae1_P.pdb
6zxe_R.pdb	6zvh_O.pdb
6zxe_R.pdb	5gt0_D.pdb
6zxe_R.pdb	3a6n_D.pdb
6zxe_R.pdb	6kbb_B.pdb
6zxe_R.pdb	5fug_B.pdb
6zxe_R.pdb	6kvd_D.pdb
6zxe_R.pdb	6x59_D.pdb
6zxe_R.pdb	2cv5_D.pdb
6zxe_R.pdb	6m4g_D.pdb
6zxe_R.pdb	3x1s_D.pdb
6zxe_R.pdb	3wkj_D.pdb
6zxe_R.pdb	6k1k_D.pdb
6zxe_R.pdb	5gt3_D.pdb
6zxe_R.pdb	6uri_M.pdb
6zxe_R.pdb	6o60_D.pdb
6zxe_R.pdb	6wnx_B.pdb
6zxe_R.pdb	2ovr_A.pdb
6zxe_R.pdb	5vzu_A.pdb
6zxe_R.pdb	5jh5_B.pdb
6zxe_R.pdb	1fqv_B.pdb
6zxe_R.pdb	5v4b_A.pdb
6zxe_R.pdb	6byh_A.pdb
6zxe_R.pdb	1p22_B.pdb
6zxe_R.pdb	2ast_A.pdb
6zxe_R.pdb	6vcd_C.pdb
6zxe_R.pdb	3wso_B.pdb
6zxe_R.pdb	6cwx_B.pdb
6sen_L.pdb	6sen_L.pdb
6sen_L.pdb	6seo_L.pdb
3dow_B.pdb	3dow_B.pdb
1upt_B.pdb	1upt_B.pdb
3ex7_B.pdb	3ex7_B.pdb
3ex7_B.pdb	3ma2_B.pdb
3ex7_B.pdb	2j0t_D.pdb
3ex7_B.pdb	1oey_J.pdb
3ex7_B.pdb	5uq2_B.pdb
3ex7_B.pdb	1cxz_B.pdb
6jto_C.pdb	6jto_C.pdb
3ff7_C.pdb	3ff7_C.pdb
3ff7_C.pdb	3bdw_A.pdb
3ff7_C.pdb	4s0u_A.pdb
3ff7_C.pdb	4j2j_A.pdb
3ff7_C.pdb	6umt_A.pdb
3ff7_C.pdb	5ius_A.pdb
3ff7_C.pdb	1xiw_A.pdb
3ff7_C.pdb	3zms_B.pdb
3ff7_C.pdb	2uxn_B.pdb
3ff7_C.pdb	4czz_B.pdb
3ff7_C.pdb	5l3d_B.pdb
3ff7_C.pdb	3h7h_B.pdb
3ff7_C.pdb	6iyc_D.pdb
3ff7_C.pdb	6wlz_K.pdb
6y44_P.pdb	6y44_P.pdb
4dhx_A.pdb	4dhx_A.pdb
4h10_B.pdb	4h10_B.pdb
