4xss_B.pdb	4xss_B.pdb
4xss_B.pdb	1h59_A.pdb
6e5b_N.pdb	6e5b_N.pdb
6e5b_N.pdb	6kwy_N.pdb
6e5b_N.pdb	1nw9_B.pdb
6e5b_N.pdb	6e5b_M.pdb
6e5b_N.pdb	6kwy_M.pdb
6e5b_N.pdb	6e5b_K.pdb
6e5b_N.pdb	3wso_A.pdb
6e5b_N.pdb	5le5_A.pdb
6e5b_N.pdb	6kwy_A.pdb
6e5b_N.pdb	6e5b_A.pdb
6e5b_N.pdb	6kwy_K.pdb
6e5b_N.pdb	5j1s_B.pdb
6e5b_N.pdb	6wlz_G.pdb
6e5b_N.pdb	6e5b_L.pdb
6e5b_N.pdb	6kwy_L.pdb
6e5b_N.pdb	6spz_A.pdb
6e5b_N.pdb	3u5p_A.pdb
6e5b_N.pdb	2d07_A.pdb
6e5b_N.pdb	1wyw_A.pdb
6e5b_N.pdb	3a98_B.pdb
6e5b_N.pdb	1fq1_A.pdb
6e5b_N.pdb	3doe_A.pdb
6e5b_N.pdb	6fae_B.pdb
6e5b_N.pdb	5fb0_A.pdb
6e5b_N.pdb	5ee5_B.pdb
6e5b_N.pdb	4kax_A.pdb
6e5b_N.pdb	1upt_A.pdb
6e5b_N.pdb	4bvy_A.pdb
6e5b_N.pdb	5y6l_A.pdb
6e5b_N.pdb	1a22_B.pdb
6e5b_N.pdb	4qqi_A.pdb
6e5b_N.pdb	3v30_A.pdb
6e5b_N.pdb	3v31_A.pdb
6e5b_N.pdb	3uxg_A.pdb
6e5b_N.pdb	6khs_A.pdb
6e5b_N.pdb	3d48_R.pdb
6j8f_C.pdb	6j8f_C.pdb
3k6g_D.pdb	3k6g_D.pdb
4naw_D.pdb	4naw_D.pdb
1lqb_A.pdb	1lqb_A.pdb
1lqb_A.pdb	2izv_B.pdb
1lqb_A.pdb	2o2v_A.pdb
1lqb_A.pdb	2npt_A.pdb
1lqb_A.pdb	5jh5_D.pdb
1lqb_A.pdb	4hpl_A.pdb
1lqb_A.pdb	4y5o_B.pdb
1lqb_A.pdb	5tuv_A.pdb
1lqb_A.pdb	7l0j_B.pdb
1lqb_A.pdb	6umt_A.pdb
1lqb_A.pdb	5ius_A.pdb
1lqb_A.pdb	4drj_A.pdb
1lqb_A.pdb	1ghq_B.pdb
1lqb_A.pdb	6m4g_C.pdb
2qme_I.pdb	2qme_I.pdb
4yc6_B.pdb	4yc6_B.pdb
4yc6_B.pdb	1buh_B.pdb
4yc6_B.pdb	2ast_C.pdb
6kdr_D.pdb	6kdr_D.pdb
4h36_B.pdb	4h36_B.pdb
4d07_B.pdb	4d07_B.pdb
1obz_P.pdb	1obz_P.pdb
4bd2_C.pdb	4bd2_C.pdb
4bd2_C.pdb	4zeq_B.pdb
4bd2_C.pdb	4qve_B.pdb
4x5w_C.pdb	4x5w_C.pdb
3pth_B.pdb	3pth_B.pdb
4x0l_A.pdb	4x0l_A.pdb
4x0l_A.pdb	1z8u_B.pdb
4x0l_A.pdb	4mqk_A.pdb
4x0l_A.pdb	3w4u_A.pdb
4x0l_A.pdb	1shr_A.pdb
4x0l_A.pdb	1a9w_A.pdb
4x0l_A.pdb	6kye_A.pdb
4x0l_A.pdb	1shr_B.pdb
4x0l_A.pdb	4x0l_B.pdb
4x0l_A.pdb	4mqk_B.pdb
4x0l_A.pdb	3w4u_B.pdb
4x0l_A.pdb	1a9w_E.pdb
4x0l_A.pdb	6kye_B.pdb
5wrv_A.pdb	5wrv_A.pdb
3c5j_C.pdb	3c5j_C.pdb
3g2s_C.pdb	3g2s_C.pdb
6itu_B.pdb	6itu_B.pdb
6ehr_F.pdb	6ehr_F.pdb
6ehr_F.pdb	5x6v_F.pdb
6ehr_F.pdb	2fcw_A.pdb
6ehr_F.pdb	6cwx_A.pdb
6ehr_F.pdb	5zoj_D.pdb
6ehr_F.pdb	5zok_B.pdb
6ehr_F.pdb	6uva_E.pdb
6ehr_F.pdb	6l81_A.pdb
6ehr_F.pdb	2gh0_C.pdb
6ehr_F.pdb	7dvq_6.pdb
6ehr_F.pdb	4yiq_A.pdb
6ehr_F.pdb	4yiq_B.pdb
6ehr_F.pdb	4qaf_C.pdb
6ehr_F.pdb	2d5r_B.pdb
6ehr_F.pdb	5svh_A.pdb
6ehr_F.pdb	6v6f_A.pdb
4z9v_C.pdb	4z9v_C.pdb
5kiy_B.pdb	5kiy_B.pdb
4p3w_G.pdb	4p3w_G.pdb
2ypa_D.pdb	2ypa_D.pdb
5bnx_D.pdb	5bnx_D.pdb
5bnx_D.pdb	2i32_A.pdb
5bnx_D.pdb	5bo0_D.pdb
4imy_G.pdb	4imy_G.pdb
5c6d_A.pdb	5c6d_A.pdb
5c6d_A.pdb	6w6w_C.pdb
5c6d_A.pdb	6caj_G.pdb
5c6d_A.pdb	2d5r_A.pdb
5c6d_A.pdb	6tx3_A.pdb
5c6d_A.pdb	6m3i_A.pdb
5c6d_A.pdb	5zoo_G.pdb
5c6d_A.pdb	3mmy_A.pdb
5c6d_A.pdb	5fqd_B.pdb
5c6d_A.pdb	5vzu_B.pdb
5c6d_A.pdb	3dw8_B.pdb
3dab_B.pdb	3dab_B.pdb
3dab_B.pdb	1ycr_B.pdb
6pyw_C.pdb	6pyw_C.pdb
1wmh_A.pdb	1wmh_A.pdb
6mye_B.pdb	6mye_B.pdb
3maz_B.pdb	3maz_B.pdb
3ktr_B.pdb	3ktr_B.pdb
5u98_C.pdb	5u98_C.pdb
2ast_D.pdb	2ast_D.pdb
4xxb_B.pdb	4xxb_B.pdb
5yco_E.pdb	5yco_E.pdb
4ftg_E.pdb	4ftg_E.pdb
4yyp_A.pdb	4yyp_A.pdb
4yyp_A.pdb	5d6y_A.pdb
5l0r_B.pdb	5l0r_B.pdb
5l0r_B.pdb	5l0s_B.pdb
1lqv_C.pdb	1lqv_C.pdb
4md4_C.pdb	4md4_C.pdb
6fcp_P.pdb	6fcp_P.pdb
4n7z_B.pdb	4n7z_B.pdb
6ehr_C.pdb	6ehr_C.pdb
6ehr_C.pdb	5x6v_C.pdb
6ehr_C.pdb	6ehp_C.pdb
6ehr_C.pdb	6odd_A.pdb
6ehr_C.pdb	2aze_B.pdb
1xr9_C.pdb	1xr9_C.pdb
6yih_B.pdb	6yih_B.pdb
4yii_A.pdb	4yii_A.pdb
4yii_A.pdb	6nxk_C.pdb
4yii_A.pdb	5eof_A.pdb
4yii_A.pdb	5x4l_C.pdb
4yii_A.pdb	3qj6_A.pdb
4yii_A.pdb	5lsi_E.pdb
1fyr_I.pdb	1fyr_I.pdb
1mk2_B.pdb	1mk2_B.pdb
1mk2_B.pdb	1dev_B.pdb
4bwq_B.pdb	4bwq_B.pdb
6sh6_B.pdb	6sh6_B.pdb
5b83_B.pdb	5b83_B.pdb
1i4o_C.pdb	1i4o_C.pdb
3rbq_G.pdb	3rbq_G.pdb
4s3o_C.pdb	4s3o_C.pdb
4s3o_C.pdb	3rpg_B.pdb
4s3o_C.pdb	3k6g_A.pdb
4s3o_C.pdb	5u1m_A.pdb
4s3o_C.pdb	2dsq_A.pdb
4s3o_C.pdb	3ma2_B.pdb
4s3o_C.pdb	2j0t_D.pdb
4s3o_C.pdb	6zvh_i.pdb
4s3o_C.pdb	1i8l_C.pdb
4s3o_C.pdb	1oey_J.pdb
4s3o_C.pdb	2fmm_E.pdb
4s3o_C.pdb	1y6k_L.pdb
4s3o_C.pdb	6zmt_Q.pdb
4s3o_C.pdb	6zvh_P.pdb
4s3o_C.pdb	5z7l_A.pdb
4s3o_C.pdb	3vvw_A.pdb
4s3o_C.pdb	1www_V.pdb
4s3o_C.pdb	1bnd_A.pdb
4s3o_C.pdb	1b8m_A.pdb
4s3o_C.pdb	1bnd_B.pdb
4s3o_C.pdb	5zmc_B.pdb
4s3o_C.pdb	1b8m_B.pdb
4s3o_C.pdb	1hcf_A.pdb
4s3o_C.pdb	6ehr_G.pdb
4s3o_C.pdb	1l1o_A.pdb
4s3o_C.pdb	2pi2_E.pdb
4s3o_C.pdb	6l9z_C.pdb
4s3o_C.pdb	6kvd_C.pdb
4s3o_C.pdb	5gt3_C.pdb
4s3o_C.pdb	2cv5_C.pdb
4s3o_C.pdb	3x1s_C.pdb
4s3o_C.pdb	6k1k_C.pdb
4s3o_C.pdb	5gt0_C.pdb
4s3o_C.pdb	6x59_C.pdb
4s3o_C.pdb	3wkj_C.pdb
4s3o_C.pdb	2b3g_A.pdb
4s3o_C.pdb	6ar2_A.pdb
4s3o_C.pdb	1e50_A.pdb
4s3o_C.pdb	7cnc_A.pdb
4s3o_C.pdb	4gk0_E.pdb
4s3o_C.pdb	7bqv_A.pdb
4s3o_C.pdb	2qkh_A.pdb
7egg_J.pdb	7egg_J.pdb
7egg_J.pdb	4ftg_A.pdb
7egg_J.pdb	5d7f_A.pdb
7egg_J.pdb	4ggf_A.pdb
7egg_J.pdb	4ggf_C.pdb
7egg_J.pdb	5v8w_A.pdb
7egg_J.pdb	5lpu_C.pdb
7egg_J.pdb	4cfr_A.pdb
7egg_J.pdb	5n9g_C.pdb
5jqa_B.pdb	5jqa_B.pdb
4rr2_B.pdb	4rr2_B.pdb
4rr2_B.pdb	5wvo_C.pdb
4rr2_B.pdb	5ydr_B.pdb
4rr2_B.pdb	3g65_C.pdb
4rr2_B.pdb	6j8y_B.pdb
4rr2_B.pdb	3qq8_A.pdb
4rr2_B.pdb	5x4l_A.pdb
4rr2_B.pdb	5epp_A.pdb
4rr2_B.pdb	5b6c_A.pdb
4rr2_B.pdb	5glf_A.pdb
4rr2_B.pdb	2e9x_C.pdb
4rr2_B.pdb	2q9q_D.pdb
4rr2_B.pdb	2ve7_A.pdb
4rr2_B.pdb	6caj_I.pdb
4rr2_B.pdb	6lth_M.pdb
4rr2_B.pdb	3p71_T.pdb
4rr2_B.pdb	3mi9_B.pdb
4rr2_B.pdb	4imy_B.pdb
4rr2_B.pdb	4oar_A.pdb
4rr2_B.pdb	3bqd_A.pdb
4rr2_B.pdb	4zrt_A.pdb
4rr2_B.pdb	4uda_A.pdb
4rr2_B.pdb	6gei_A.pdb
4rr2_B.pdb	1t5z_A.pdb
4rr2_B.pdb	4oed_A.pdb
4rr2_B.pdb	2z4j_A.pdb
4rr2_B.pdb	3l3x_A.pdb
4rr2_B.pdb	3h11_A.pdb
4rr2_B.pdb	6v6f_B.pdb
4rr2_B.pdb	3oll_A.pdb
4rr2_B.pdb	4zi1_A.pdb
4rr2_B.pdb	2yjd_A.pdb
4rr2_B.pdb	2ocf_A.pdb
4rr2_B.pdb	3uud_A.pdb
4rr2_B.pdb	5di7_A.pdb
4rr2_B.pdb	2ve7_C.pdb
4rr2_B.pdb	3d24_A.pdb
4rr2_B.pdb	2gpo_A.pdb
4rr2_B.pdb	6m3i_B.pdb
4rr2_B.pdb	6tx3_B.pdb
4rr2_B.pdb	3l82_A.pdb
4rr2_B.pdb	5wir_A.pdb
4rr2_B.pdb	4m76_B.pdb
4rr2_B.pdb	4hi8_A.pdb
4rr2_B.pdb	3ixe_A.pdb
4rr2_B.pdb	1cn4_C.pdb
4rr2_B.pdb	4md4_A.pdb
4rr2_B.pdb	6biz_A.pdb
4rr2_B.pdb	4is6_A.pdb
4rr2_B.pdb	3l6f_A.pdb
4rr2_B.pdb	3c5j_A.pdb
4rr2_B.pdb	6v1a_A.pdb
4rr2_B.pdb	4fqx_A.pdb
4rr2_B.pdb	4y19_A.pdb
4rr2_B.pdb	4x5w_A.pdb
4rr2_B.pdb	4md5_A.pdb
4rr2_B.pdb	4p4k_A.pdb
4rr2_B.pdb	6bix_A.pdb
4rr2_B.pdb	3s5l_A.pdb
4rr2_B.pdb	1fv1_A.pdb
4rr2_B.pdb	7dvq_2.pdb
4rr2_B.pdb	6pag_D.pdb
4rr2_B.pdb	6e5b_H.pdb
4rr2_B.pdb	6kwy_H.pdb
4rr2_B.pdb	3gtu_A.pdb
4rr2_B.pdb	3gtu_B.pdb
4rr2_B.pdb	1zjd_A.pdb
4rr2_B.pdb	1yc0_A.pdb
4rr2_B.pdb	4gy5_A.pdb
4rr2_B.pdb	3f1s_B.pdb
4rr2_B.pdb	5jke_B.pdb
4rr2_B.pdb	4chb_A.pdb
4rr2_B.pdb	6gy5_A.pdb
4rr2_B.pdb	2flu_X.pdb
4rr2_B.pdb	3kse_A.pdb
4rr2_B.pdb	4o3t_A.pdb
4rr2_B.pdb	3pb1_E.pdb
4rr2_B.pdb	3tdu_A.pdb
4rr2_B.pdb	6h6a_D.pdb
4rr2_B.pdb	3rbq_A.pdb
4rr2_B.pdb	5l7k_A.pdb
4rr2_B.pdb	4gba_A.pdb
4rr2_B.pdb	6zmt_J.pdb
4rr2_B.pdb	6zvh_J.pdb
4rr2_B.pdb	6zxe_J.pdb
6ine_B.pdb	6ine_B.pdb
2fcw_B.pdb	2fcw_B.pdb
2fcw_B.pdb	6iiw_A.pdb
2fcw_B.pdb	3sou_A.pdb
2fcw_B.pdb	5lsi_D.pdb
2fcw_B.pdb	4xhu_B.pdb
3h8k_B.pdb	3h8k_B.pdb
4oyk_C.pdb	4oyk_C.pdb
3i89_B.pdb	3i89_B.pdb
4hsu_B.pdb	4hsu_B.pdb
4bwq_A.pdb	4bwq_A.pdb
6nq3_C.pdb	6nq3_C.pdb
5inb_B.pdb	5inb_B.pdb
5inb_B.pdb	5j28_C.pdb
5vif_B.pdb	5vif_B.pdb
4edn_K.pdb	4edn_K.pdb
2xze_Q.pdb	2xze_Q.pdb
6zvh_d.pdb	6zvh_d.pdb
6zvh_d.pdb	6zmt_f.pdb
6zvh_d.pdb	6zxe_d.pdb
6zvh_d.pdb	5un7_B.pdb
3mrp_P.pdb	3mrp_P.pdb
3tdu_E.pdb	3tdu_E.pdb
5crv_C.pdb	5crv_C.pdb
6biz_C.pdb	6biz_C.pdb
5xjl_F.pdb	5xjl_F.pdb
5xjl_F.pdb	5xjl_E.pdb
5xjl_F.pdb	4qxf_C.pdb
5xjl_F.pdb	4kng_M.pdb
5xjl_F.pdb	6ao5_B.pdb
4tq1_B.pdb	4tq1_B.pdb
6e2h_E.pdb	6e2h_E.pdb
4y99_C.pdb	4y99_C.pdb
4y99_C.pdb	4ic7_B.pdb
4y99_C.pdb	5e4e_A.pdb
1sys_C.pdb	1sys_C.pdb
6k3a_B.pdb	6k3a_B.pdb
5xyf_C.pdb	5xyf_C.pdb
6e2p_C.pdb	6e2p_C.pdb
1b72_A.pdb	1b72_A.pdb
1qgk_B.pdb	1qgk_B.pdb
1t5z_B.pdb	1t5z_B.pdb
1fv1_C.pdb	1fv1_C.pdb
3ewv_E.pdb	3ewv_E.pdb
6acl_B.pdb	6acl_B.pdb
6s9k_B.pdb	6s9k_B.pdb
4es0_A.pdb	4es0_A.pdb
4es0_A.pdb	6wjq_A.pdb
4es0_A.pdb	3p4f_A.pdb
4es0_A.pdb	4erq_A.pdb
4es0_A.pdb	4cy2_A.pdb
4es0_A.pdb	4esg_A.pdb
4es0_A.pdb	4ery_A.pdb
4es0_A.pdb	4ewr_A.pdb
4es0_A.pdb	4y7r_A.pdb
4es0_A.pdb	6zmt_j.pdb
4es0_A.pdb	7dvq_T.pdb
4es0_A.pdb	6id1_T.pdb
4es0_A.pdb	6icz_T.pdb
4es0_A.pdb	5y2z_B.pdb
4es0_A.pdb	1ni4_A.pdb
4es0_A.pdb	3dqv_C.pdb
4es0_A.pdb	3dpl_C.pdb
4es0_A.pdb	2ihb_A.pdb
4es0_A.pdb	2om2_A.pdb
4es0_A.pdb	6y32_B.pdb
4es0_A.pdb	1n4m_A.pdb
4es0_A.pdb	4z2m_B.pdb
4es0_A.pdb	4qxf_A.pdb
4es0_A.pdb	6y4l_A.pdb
4es0_A.pdb	3eu7_A.pdb
4es0_A.pdb	5jhw_C.pdb
4es0_A.pdb	2b0u_C.pdb
4es0_A.pdb	3zyi_B.pdb
4es0_A.pdb	6fcv_B.pdb
4es0_A.pdb	5un7_A.pdb
4geh_B.pdb	4geh_B.pdb
4geh_B.pdb	3cjk_A.pdb
4geh_B.pdb	3w8h_B.pdb
3buw_B.pdb	3buw_B.pdb
3buw_B.pdb	3bun_B.pdb
3buw_B.pdb	3bux_B.pdb
3buw_B.pdb	5hky_A.pdb
3buw_B.pdb	3buo_B.pdb
3buw_B.pdb	6j8y_C.pdb
3buw_B.pdb	3g65_B.pdb
3buw_B.pdb	5vxz_A.pdb
3buw_B.pdb	6s6d_A.pdb
3buw_B.pdb	6nj9_K.pdb
3buw_B.pdb	5osi_B.pdb
3buw_B.pdb	6s6d_C.pdb
3buw_B.pdb	3vro_A.pdb
3buw_B.pdb	3vrp_A.pdb
3buw_B.pdb	6nq3_B.pdb
3buw_B.pdb	5wai_B.pdb
3buw_B.pdb	6p9x_R.pdb
3buw_B.pdb	6pb1_P.pdb
3buw_B.pdb	6pb0_R.pdb
3buw_B.pdb	6xog_A.pdb
3buw_B.pdb	1nfi_A.pdb
3buw_B.pdb	6icz_O.pdb
3buw_B.pdb	6id1_O.pdb
3buw_B.pdb	6lb7_B.pdb
3buw_B.pdb	1a02_N.pdb
3buw_B.pdb	1xvp_A.pdb
3buw_B.pdb	3r29_A.pdb
3buw_B.pdb	5kya_B.pdb
3buw_B.pdb	1uhl_A.pdb
3buw_B.pdb	7a78_A.pdb
3buw_B.pdb	7a77_A.pdb
3buw_B.pdb	7a79_A.pdb
3buw_B.pdb	4isn_A.pdb
3buw_B.pdb	6j7x_A.pdb
3buw_B.pdb	6o60_A.pdb
3buw_B.pdb	4uel_A.pdb
3buw_B.pdb	4tq0_A.pdb
3buw_B.pdb	4tq1_A.pdb
3buw_B.pdb	4naw_B.pdb
3buw_B.pdb	6wlw_Q.pdb
3buw_B.pdb	4hon_A.pdb
3buw_B.pdb	6ao5_A.pdb
3buw_B.pdb	5kyc_B.pdb
3buw_B.pdb	1zdt_A.pdb
3buw_B.pdb	4qjr_A.pdb
3buw_B.pdb	5y1z_C.pdb
3buw_B.pdb	6uus_R.pdb
3buw_B.pdb	6uva_R.pdb
3buw_B.pdb	5v3r_A.pdb
3buw_B.pdb	3c3o_A.pdb
3buw_B.pdb	3c3q_A.pdb
3buw_B.pdb	3tw8_A.pdb
3buw_B.pdb	6ekk_A.pdb
3buw_B.pdb	6x18_R.pdb
3buw_B.pdb	5f0p_B.pdb
3buw_B.pdb	5f0j_B.pdb
3buw_B.pdb	1o9s_A.pdb
3buw_B.pdb	4dgl_C.pdb
3buw_B.pdb	6l59_A.pdb
3buw_B.pdb	6kde_A.pdb
3buw_B.pdb	6upq_B.pdb
3buw_B.pdb	6upa_B.pdb
3buw_B.pdb	6upr_B.pdb
3buw_B.pdb	4ldt_A.pdb
3buw_B.pdb	4kyo_B.pdb
3buw_B.pdb	2c0l_A.pdb
3buw_B.pdb	4fjv_A.pdb
3buw_B.pdb	6idf_C.pdb
3buw_B.pdb	6iyc_C.pdb
3buw_B.pdb	3f8u_B.pdb
3buw_B.pdb	6l03_A.pdb
3buw_B.pdb	4xh9_A.pdb
3buw_B.pdb	3d44_A.pdb
3buw_B.pdb	5mk0_A.pdb
3buw_B.pdb	5crv_A.pdb
3buw_B.pdb	5mk3_A.pdb
3buw_B.pdb	5mk1_A.pdb
3buw_B.pdb	1uw4_B.pdb
3buw_B.pdb	3bin_A.pdb
3buw_B.pdb	1fqv_A.pdb
3buw_B.pdb	2ast_B.pdb
3buw_B.pdb	4qum_A.pdb
3buw_B.pdb	5wpa_B.pdb
3buw_B.pdb	3sde_B.pdb
3buw_B.pdb	3sde_A.pdb
3buw_B.pdb	5wpa_A.pdb
3buw_B.pdb	6wmz_B.pdb
3buw_B.pdb	6wmz_A.pdb
3buw_B.pdb	6t7f_A.pdb
3buw_B.pdb	5j1s_A.pdb
3buw_B.pdb	3zg6_A.pdb
3buw_B.pdb	5ccb_A.pdb
3buw_B.pdb	6lth_P.pdb
3buw_B.pdb	4tkn_A.pdb
3buw_B.pdb	5gk9_A.pdb
3buw_B.pdb	4dnc_A.pdb
3buw_B.pdb	3v6c_A.pdb
3buw_B.pdb	6dgf_A.pdb
3buw_B.pdb	3nhe_A.pdb
3buw_B.pdb	4kyo_A.pdb
3buw_B.pdb	4xss_E.pdb
3buw_B.pdb	6id1_E.pdb
3buw_B.pdb	7dvq_E.pdb
3buw_B.pdb	6icz_E.pdb
3buw_B.pdb	5l8h_A.pdb
3buw_B.pdb	5l8w_A.pdb
3buw_B.pdb	3glr_A.pdb
3buw_B.pdb	5zgc_A.pdb
3buw_B.pdb	5bwn_A.pdb
3buw_B.pdb	6u3v_A.pdb
3buw_B.pdb	6kpf_R.pdb
3buw_B.pdb	3n3k_A.pdb
3buw_B.pdb	7d77_R.pdb
3buw_B.pdb	2bfd_A.pdb
3buw_B.pdb	2i9b_E.pdb
3buw_B.pdb	4l41_C.pdb
3buw_B.pdb	4u4p_A.pdb
3buw_B.pdb	2io2_A.pdb
3buw_B.pdb	1tgz_A.pdb
3buw_B.pdb	2iy0_A.pdb
3buw_B.pdb	2io1_A.pdb
3buw_B.pdb	5t6z_G.pdb
3buw_B.pdb	7b5o_I.pdb
3buw_B.pdb	6t41_B.pdb
3buw_B.pdb	4cru_B.pdb
3buw_B.pdb	6icz_R.pdb
3buw_B.pdb	6id1_R.pdb
3buw_B.pdb	4egc_B.pdb
3buw_B.pdb	6zmt_E.pdb
3buw_B.pdb	6zvh_E.pdb
3buw_B.pdb	6kde_B.pdb
6gr8_B.pdb	6gr8_B.pdb
5hjc_B.pdb	5hjc_B.pdb
5d7f_P.pdb	5d7f_P.pdb
7b5o_H.pdb	7b5o_H.pdb
5wir_C.pdb	5wir_C.pdb
1j2x_B.pdb	1j2x_B.pdb
6wlw_U.pdb	6wlw_U.pdb
6wlw_U.pdb	6k41_R.pdb
6wlw_U.pdb	6wlw_0.pdb
6wlw_U.pdb	3f7p_C.pdb
6wlw_U.pdb	4y97_B.pdb
6wlw_U.pdb	7e33_R.pdb
6wlw_U.pdb	7e32_R.pdb
6wlw_U.pdb	4bvy_B.pdb
6wlw_U.pdb	5y6l_B.pdb
6wlw_U.pdb	7cq5_A.pdb
6wlw_U.pdb	5m5e_B.pdb
6wlw_U.pdb	4gs7_B.pdb
6wlw_U.pdb	2b5i_B.pdb
3am7_B.pdb	3am7_B.pdb
5zgc_G.pdb	5zgc_G.pdb
4no0_C.pdb	4no0_C.pdb
3sqd_C.pdb	3sqd_C.pdb
6urg_C.pdb	6urg_C.pdb
6urg_C.pdb	4h10_B.pdb
3buw_A.pdb	3buw_A.pdb
6m64_B.pdb	6m64_B.pdb
5mlo_B.pdb	5mlo_B.pdb
5lxr_B.pdb	5lxr_B.pdb
1a02_J.pdb	1a02_J.pdb
1a02_J.pdb	1t2k_C.pdb
1a02_J.pdb	5f5s_B.pdb
1a02_J.pdb	1t2k_D.pdb
1a02_J.pdb	4bry_A.pdb
1a02_J.pdb	1dsz_A.pdb
1a02_J.pdb	1dsz_B.pdb
1a02_J.pdb	6akl_A.pdb
3v30_B.pdb	3v30_B.pdb
2xpg_C.pdb	2xpg_C.pdb
5ex3_D.pdb	5ex3_D.pdb
3bgm_C.pdb	3bgm_C.pdb
4oar_B.pdb	4oar_B.pdb
4nl9_C.pdb	4nl9_C.pdb
4nl9_C.pdb	4nl9_A.pdb
6h6a_E.pdb	6h6a_E.pdb
4xss_F.pdb	4xss_F.pdb
5luz_C.pdb	5luz_C.pdb
5mk0_B.pdb	5mk0_B.pdb
2hev_F.pdb	2hev_F.pdb
2hev_F.pdb	1jkg_A.pdb
2hev_F.pdb	4w5v_B.pdb
2hev_F.pdb	3bdw_A.pdb
2hev_F.pdb	3ff7_C.pdb
2hev_F.pdb	6nbw_P.pdb
2hev_F.pdb	1tnr_R.pdb
2hev_F.pdb	7kpb_E.pdb
2hev_F.pdb	6icz_N.pdb
2hev_F.pdb	6id1_N.pdb
2hev_F.pdb	3bdw_B.pdb
2hev_F.pdb	6j8e_C.pdb
2hev_F.pdb	5mgt_C.pdb
2hev_F.pdb	3wsr_A.pdb
2hev_F.pdb	5mgt_A.pdb
2hev_F.pdb	5vbn_B.pdb
2hev_F.pdb	7jhp_C.pdb
2hev_F.pdb	6xgv_B.pdb
6nbw_N.pdb	6nbw_N.pdb
6nbw_N.pdb	3k1r_A.pdb
6wme_B.pdb	6wme_B.pdb
4cfr_Q.pdb	4cfr_Q.pdb
3t1n_C.pdb	3t1n_C.pdb
2ybf_B.pdb	2ybf_B.pdb
5nne_C.pdb	5nne_C.pdb
4tq0_B.pdb	4tq0_B.pdb
4tq0_B.pdb	4dnc_D.pdb
4oed_B.pdb	4oed_B.pdb
3pth_A.pdb	3pth_A.pdb
3pth_A.pdb	3ktr_A.pdb
3pth_A.pdb	3kut_A.pdb
3pth_A.pdb	3ktp_A.pdb
6e2q_M.pdb	6e2q_M.pdb
1ktz_A.pdb	1ktz_A.pdb
1ktz_A.pdb	6o9b_B.pdb
1ktz_A.pdb	5bxf_B.pdb
1ktz_A.pdb	1zt4_B.pdb
1ktz_A.pdb	5w69_B.pdb
1ktz_A.pdb	6qio_C.pdb
1ktz_A.pdb	5iue_B.pdb
1ktz_A.pdb	3vri_B.pdb
1ktz_A.pdb	2h26_B.pdb
1ktz_A.pdb	6pud_B.pdb
1ktz_A.pdb	2dyp_B.pdb
1ktz_A.pdb	3utq_B.pdb
1ktz_A.pdb	1a6z_B.pdb
1ktz_A.pdb	1qr1_B.pdb
1ktz_A.pdb	5j1a_B.pdb
1ktz_A.pdb	1w0w_B.pdb
1ktz_A.pdb	1de4_B.pdb
1ktz_A.pdb	6uj7_B.pdb
1ktz_A.pdb	5meo_B.pdb
1ktz_A.pdb	3czf_B.pdb
1ktz_A.pdb	6pag_B.pdb
1ktz_A.pdb	1qew_B.pdb
1ktz_A.pdb	3am8_C.pdb
1ktz_A.pdb	6wlz_K.pdb
1ktz_A.pdb	1uw4_A.pdb
4es0_C.pdb	4es0_C.pdb
4xkl_B.pdb	4xkl_B.pdb
6zmt_a.pdb	6zmt_a.pdb
6zmt_a.pdb	6zvh_Z.pdb
3d44_B.pdb	3d44_B.pdb
4nxr_B.pdb	4nxr_B.pdb
5u1m_B.pdb	5u1m_B.pdb
6wau_G.pdb	6wau_G.pdb
3u86_B.pdb	3u86_B.pdb
5gtu_B.pdb	5gtu_B.pdb
4c4k_T.pdb	4c4k_T.pdb
4c4k_T.pdb	2wp3_T.pdb
4c4k_T.pdb	4c4k_O.pdb
4c4k_T.pdb	2wp3_O.pdb
4c4k_T.pdb	4h5s_A.pdb
4c4k_T.pdb	5gpg_A.pdb
4c4k_T.pdb	3n1f_C.pdb
4c4k_T.pdb	2v9t_A.pdb
4c4k_T.pdb	1t0p_B.pdb
4c4k_T.pdb	5xof_A.pdb
4c4k_T.pdb	4bx9_C.pdb
5j9s_B.pdb	5j9s_B.pdb
1jwg_C.pdb	1jwg_C.pdb
5yt6_B.pdb	5yt6_B.pdb
3i7p_B.pdb	3i7p_B.pdb
1oc0_B.pdb	1oc0_B.pdb
4yyp_B.pdb	4yyp_B.pdb
1cxz_B.pdb	1cxz_B.pdb
1cxz_B.pdb	5vzw_F.pdb
1cxz_B.pdb	7cp9_G.pdb
5aul_B.pdb	5aul_B.pdb
6zmt_R.pdb	6zmt_R.pdb
6zmt_R.pdb	6zvh_Q.pdb
6zmt_R.pdb	6mgp_A.pdb
6zmt_R.pdb	6zvh_X.pdb
6zmt_R.pdb	6x6c_E.pdb
6zmt_R.pdb	5cll_B.pdb
6zmt_R.pdb	1k5d_B.pdb
6zmt_R.pdb	3urf_A.pdb
6zmt_R.pdb	2o25_C.pdb
6zmt_R.pdb	3uin_A.pdb
6zmt_R.pdb	4w5v_A.pdb
6zmt_R.pdb	2wqa_A.pdb
6zmt_R.pdb	6uxe_D.pdb
6zmt_R.pdb	6hr2_B.pdb
6zmt_R.pdb	1lqb_C.pdb
6zmt_R.pdb	3kxc_C.pdb
6zmt_R.pdb	3gxu_A.pdb
6zmt_R.pdb	4l0p_A.pdb
6zmt_R.pdb	2wo3_A.pdb
6zmt_R.pdb	1ybo_A.pdb
6zmt_R.pdb	1obz_A.pdb
6zmt_R.pdb	1emu_A.pdb
6zmt_R.pdb	2e9x_B.pdb
6zmt_R.pdb	2q9q_A.pdb
6zmt_R.pdb	5ggp_A.pdb
6zmt_R.pdb	4hdo_B.pdb
6zmt_R.pdb	3kuc_A.pdb
6zmt_R.pdb	4hdq_B.pdb
6zmt_R.pdb	6xgv_A.pdb
6zmt_R.pdb	4us0_R.pdb
6zmt_R.pdb	5tb5_A.pdb
6zmt_R.pdb	7jhp_A.pdb
6zmt_R.pdb	1wq1_R.pdb
6zmt_R.pdb	6v6f_C.pdb
6zmt_R.pdb	6zrn_A.pdb
6zmt_R.pdb	3ayu_A.pdb
6zmt_R.pdb	1uea_A.pdb
6zmt_R.pdb	2j0t_A.pdb
6zmt_R.pdb	3v96_B.pdb
6zmt_R.pdb	4ilw_D.pdb
6zmt_R.pdb	7k0m_D.pdb
6zmt_R.pdb	6wg4_B.pdb
2iv8_P.pdb	2iv8_P.pdb
6wmd_B.pdb	6wmd_B.pdb
5eu5_C.pdb	5eu5_C.pdb
5hyn_E.pdb	5hyn_E.pdb
2vp7_B.pdb	2vp7_B.pdb
3rdv_A.pdb	3rdv_A.pdb
3rdv_A.pdb	6f9w_A.pdb
3rdv_A.pdb	6vme_C.pdb
3rdv_A.pdb	6gwj_B.pdb
3rdv_A.pdb	3kka_C.pdb
3rdv_A.pdb	3kka_A.pdb
6gy5_U.pdb	6gy5_U.pdb
3kuc_B.pdb	3kuc_B.pdb
3kuc_B.pdb	3uip_B.pdb
3kuc_B.pdb	1tgz_B.pdb
3kuc_B.pdb	1wyw_B.pdb
3kuc_B.pdb	3uin_B.pdb
3kuc_B.pdb	2d07_B.pdb
3kuc_B.pdb	5d2m_B.pdb
3kuc_B.pdb	2io1_B.pdb
3kuc_B.pdb	4dbg_A.pdb
4p0a_B.pdb	4p0a_B.pdb
6g0q_B.pdb	6g0q_B.pdb
3i7o_B.pdb	3i7o_B.pdb
4jeg_B.pdb	4jeg_B.pdb
4jeg_B.pdb	5dc9_B.pdb
4jeg_B.pdb	2ocf_D.pdb
3ft3_P.pdb	3ft3_P.pdb
1yk1_E.pdb	1yk1_E.pdb
3rdv_E.pdb	3rdv_E.pdb
6y3o_P.pdb	6y3o_P.pdb
3zg6_F.pdb	3zg6_F.pdb
6acp_B.pdb	6acp_B.pdb
4hpl_B.pdb	4hpl_B.pdb
4hpl_B.pdb	5jh5_C.pdb
1h24_E.pdb	1h24_E.pdb
1u76_B.pdb	1u76_B.pdb
3obq_B.pdb	3obq_B.pdb
6c6k_C.pdb	6c6k_C.pdb
6fbk_P.pdb	6fbk_P.pdb
6yih_C.pdb	6yih_C.pdb
6igx_A.pdb	6igx_A.pdb
6gwj_D.pdb	6gwj_D.pdb
3bp7_C.pdb	3bp7_C.pdb
5b6c_B.pdb	5b6c_B.pdb
4is6_C.pdb	4is6_C.pdb
6pte_C.pdb	6pte_C.pdb
4ay9_B.pdb	4ay9_B.pdb
4ay9_B.pdb	1ktz_B.pdb
4ay9_B.pdb	3kfd_E.pdb
4ay9_B.pdb	1hcn_B.pdb
4ay9_B.pdb	7dvq_0.pdb
4ay9_B.pdb	3ql9_A.pdb
4ay9_B.pdb	4n6o_B.pdb
4ay9_B.pdb	3ex7_B.pdb
4ay9_B.pdb	4ehp_B.pdb
4ay9_B.pdb	5xjl_A.pdb
4ay9_B.pdb	6zvh_a.pdb
4ay9_B.pdb	2h62_D.pdb
4ay9_B.pdb	3maz_A.pdb
4ay9_B.pdb	1n6j_A.pdb
4ay9_B.pdb	2h62_C.pdb
4ay9_B.pdb	3qb4_B.pdb
4ay9_B.pdb	5bqe_A.pdb
4ay9_B.pdb	5mr4_A.pdb
4ay9_B.pdb	6b27_A.pdb
6zxe_C.pdb	6zxe_C.pdb
6zxe_C.pdb	6zvh_C.pdb
6zxe_C.pdb	6zmt_D.pdb
6zxe_C.pdb	3h11_B.pdb
6zxe_C.pdb	4x0l_C.pdb
6zxe_C.pdb	2ot3_A.pdb
6zxe_C.pdb	3bzi_A.pdb
6zxe_C.pdb	6z1n_B.pdb
6zxe_C.pdb	2v9t_B.pdb
6zxe_C.pdb	5myc_A.pdb
6zxe_C.pdb	6y3o_A.pdb
6zxe_C.pdb	6zcj_A.pdb
6zxe_C.pdb	6g6x_A.pdb
6zxe_C.pdb	6rjl_A.pdb
6zxe_C.pdb	6s9k_A.pdb
6zxe_C.pdb	5n10_A.pdb
6zxe_C.pdb	7d8p_A.pdb
6zxe_C.pdb	4wrq_A.pdb
6zxe_C.pdb	6eww_A.pdb
6zxe_C.pdb	6hep_A.pdb
6zxe_C.pdb	6u2h_A.pdb
6zxe_C.pdb	6y44_A.pdb
6zxe_C.pdb	6fcp_A.pdb
6zxe_C.pdb	5hvq_D.pdb
6zxe_C.pdb	6tyd_V.pdb
6zxe_C.pdb	5vz4_B.pdb
6zxe_C.pdb	5le5_B.pdb
6zxe_C.pdb	6e5b_B.pdb
6zxe_C.pdb	6kwy_B.pdb
6zxe_C.pdb	4nf9_A.pdb
6zxe_C.pdb	5hqp_A.pdb
6zxe_C.pdb	3hy2_A.pdb
6zxe_C.pdb	1pvh_A.pdb
5o9s_C.pdb	5o9s_C.pdb
3fey_A.pdb	3fey_A.pdb
3fey_A.pdb	1n52_A.pdb
3fey_A.pdb	6qnx_A.pdb
3fey_A.pdb	1qgk_A.pdb
3fey_A.pdb	3hhm_A.pdb
3fey_A.pdb	5vaq_A.pdb
3fey_A.pdb	5w21_A.pdb
3fey_A.pdb	5w6v_A.pdb
3fey_A.pdb	6x6c_A.pdb
3fey_A.pdb	6trw_A.pdb
3fey_A.pdb	6w6w_A.pdb
3fey_A.pdb	6m17_B.pdb
6p3w_E.pdb	6p3w_E.pdb
3p4f_B.pdb	3p4f_B.pdb
5d6y_a.pdb	5d6y_a.pdb
5jlb_B.pdb	5jlb_B.pdb
5jlb_B.pdb	5v22_B.pdb
1fap_B.pdb	1fap_B.pdb
1fap_B.pdb	4drj_B.pdb
1fap_B.pdb	5gpg_B.pdb
1fap_B.pdb	2peh_A.pdb
1fap_B.pdb	3rpg_C.pdb
1fap_B.pdb	4s3o_B.pdb
1fap_B.pdb	1r2b_A.pdb
6z3l_B.pdb	6z3l_B.pdb
6z3l_B.pdb	6z3g_B.pdb
6z3l_B.pdb	4ui0_C.pdb
6z3l_B.pdb	1s1c_X.pdb
3r45_A.pdb	3r45_A.pdb
3r45_A.pdb	3wtp_A.pdb
3r45_A.pdb	7ciz_A.pdb
3r45_A.pdb	7cj0_B.pdb
3r45_A.pdb	5bnx_A.pdb
6f9w_B.pdb	6f9w_B.pdb
3zni_B.pdb	3zni_B.pdb
3zni_B.pdb	1fbv_B.pdb
6bix_C.pdb	6bix_C.pdb
6b9x_A.pdb	6b9x_A.pdb
6b9x_A.pdb	4gs7_D.pdb
6uyr_B.pdb	6uyr_B.pdb
6r17_A.pdb	6r17_A.pdb
6r17_A.pdb	7cj0_A.pdb
5myc_P.pdb	5myc_P.pdb
3vrp_B.pdb	3vrp_B.pdb
5e8j_C.pdb	5e8j_C.pdb
6tkk_B.pdb	6tkk_B.pdb
6b3x_B.pdb	6b3x_B.pdb
1lqb_D.pdb	1lqb_D.pdb
2p1l_B.pdb	2p1l_B.pdb
5xau_C.pdb	5xau_C.pdb
5xau_C.pdb	3tdu_C.pdb
5xau_C.pdb	4wy4_B.pdb
5xau_C.pdb	4cc2_A.pdb
5xau_C.pdb	5brk_B.pdb
3zyi_A.pdb	3zyi_A.pdb
3zyi_A.pdb	1m63_A.pdb
3zyi_A.pdb	5sve_A.pdb
3zyi_A.pdb	4or9_A.pdb
3zyi_A.pdb	3ll8_A.pdb
3zyi_A.pdb	6nuc_A.pdb
3zyi_A.pdb	6uuq_A.pdb
3zyi_A.pdb	4f0z_A.pdb
3zyi_A.pdb	6s8l_B.pdb
3zyi_A.pdb	5xbf_A.pdb
3zyi_A.pdb	5mv9_A.pdb
3zyi_A.pdb	4wnd_A.pdb
3zyi_A.pdb	3sf4_A.pdb
3zyi_A.pdb	4xhu_A.pdb
3zyi_A.pdb	5lpu_A.pdb
3h3g_B.pdb	3h3g_B.pdb
3utq_C.pdb	3utq_C.pdb
3ptg_J.pdb	3ptg_J.pdb
3ptg_J.pdb	3vum_F.pdb
5i25_B.pdb	5i25_B.pdb
6fbk_A.pdb	6fbk_A.pdb
6hol_C.pdb	6hol_C.pdb
5ax3_B.pdb	5ax3_B.pdb
5tuv_C.pdb	5tuv_C.pdb
6j4s_B.pdb	6j4s_B.pdb
6j4s_B.pdb	6j4v_B.pdb
6p8f_C.pdb	6p8f_C.pdb
6p8f_C.pdb	5jg6_A.pdb
6p8f_C.pdb	4ccg_X.pdb
6p8f_C.pdb	5xjl_B.pdb
6p8f_C.pdb	2vpg_A.pdb
6p8f_C.pdb	2vp7_A.pdb
3sl9_C.pdb	3sl9_C.pdb
3bh9_C.pdb	3bh9_C.pdb
4xz1_B.pdb	4xz1_B.pdb
5epp_B.pdb	5epp_B.pdb
6r17_C.pdb	6r17_C.pdb
5xau_B.pdb	5xau_B.pdb
5xau_B.pdb	4dhx_A.pdb
1lqv_A.pdb	1lqv_A.pdb
1lqv_A.pdb	4gh7_A.pdb
1lqv_A.pdb	6s8v_A.pdb
1lqv_A.pdb	4qae_A.pdb
1lqv_A.pdb	4xoi_B.pdb
1lqv_A.pdb	6df3_H.pdb
1lqv_A.pdb	4doh_B.pdb
1lqv_A.pdb	1fg9_C.pdb
1lqv_A.pdb	4u7t_B.pdb
1lqv_A.pdb	3sl9_A.pdb
1lqv_A.pdb	3cuq_B.pdb
1lqv_A.pdb	2zme_B.pdb
1lqv_A.pdb	1kcg_C.pdb
1lqv_A.pdb	6yxq_A.pdb
1lqv_A.pdb	5n9g_B.pdb
1lqv_A.pdb	1jfi_C.pdb
1lqv_A.pdb	7dvq_Z.pdb
1lqv_A.pdb	4s0u_C.pdb
1lqv_A.pdb	5gqq_A.pdb
1lqv_A.pdb	3o65_A.pdb
1lqv_A.pdb	1l1o_C.pdb
1lqv_A.pdb	4p0a_A.pdb
1lqv_A.pdb	4oyk_A.pdb
1lqv_A.pdb	5ljn_A.pdb
1lqv_A.pdb	2gh0_A.pdb
1lqv_A.pdb	3n9u_A.pdb
1lqv_A.pdb	3q2s_A.pdb
1lqv_A.pdb	1jkg_B.pdb
1lqv_A.pdb	4bxo_B.pdb
1lqv_A.pdb	5xyf_A.pdb
1lqv_A.pdb	7bbd_B.pdb
1lqv_A.pdb	3b4v_C.pdb
1lqv_A.pdb	2bo9_B.pdb
1lqv_A.pdb	6zmt_G.pdb
1lqv_A.pdb	6zvh_G.pdb
1lqv_A.pdb	3qzv_A.pdb
1lqv_A.pdb	3shv_A.pdb
1lqv_A.pdb	3t1n_A.pdb
1lqv_A.pdb	6zvh_H.pdb
1lqv_A.pdb	1t0p_A.pdb
1lqv_A.pdb	3bn3_A.pdb
1lqv_A.pdb	7jfl_A.pdb
1lqv_A.pdb	5jek_A.pdb
1lqv_A.pdb	7cfm_A.pdb
1lqv_A.pdb	6pb1_A.pdb
1lqv_A.pdb	7jvq_A.pdb
1lqv_A.pdb	6p9x_A.pdb
1lqv_A.pdb	7cz5_A.pdb
1lqv_A.pdb	5le5_D.pdb
1lqv_A.pdb	6kwy_D.pdb
1lqv_A.pdb	6e5b_D.pdb
1lqv_A.pdb	6uva_A.pdb
1lqv_A.pdb	6uus_A.pdb
1lqv_A.pdb	6uun_A.pdb
1lqv_A.pdb	7cmv_A.pdb
1lqv_A.pdb	7jvr_A.pdb
1lqv_A.pdb	6kpf_A.pdb
1lqv_A.pdb	7e32_A.pdb
1lqv_A.pdb	6n4b_A.pdb
1lqv_A.pdb	7e2x_A.pdb
1lqv_A.pdb	7e33_A.pdb
1lqv_A.pdb	6os9_A.pdb
1lqv_A.pdb	7d77_A.pdb
1lqv_A.pdb	6k41_A.pdb
1lqv_A.pdb	6pog_B.pdb
1lqv_A.pdb	5mr4_C.pdb
1lqv_A.pdb	6wmd_A.pdb
1lqv_A.pdb	6wme_A.pdb
1lqv_A.pdb	4dxr_A.pdb
1lqv_A.pdb	4dxs_A.pdb
1lqv_A.pdb	5ee5_A.pdb
1lqv_A.pdb	6r15_A.pdb
1lqv_A.pdb	6r2i_A.pdb
1lqv_A.pdb	4iyp_A.pdb
1lqv_A.pdb	6abo_A.pdb
1lqv_A.pdb	5hvq_C.pdb
1lqv_A.pdb	1m63_C.pdb
1lqv_A.pdb	4z68_A.pdb
1lqv_A.pdb	3twu_A.pdb
1lqv_A.pdb	1lb6_A.pdb
1lqv_A.pdb	1mzw_A.pdb
1lqv_A.pdb	6e5b_J.pdb
1lqv_A.pdb	5le5_J.pdb
1lqv_A.pdb	6kwy_J.pdb
1lqv_A.pdb	5tuu_A.pdb
1lqv_A.pdb	2aze_A.pdb
1lqv_A.pdb	1kfu_S.pdb
1lqv_A.pdb	6id1_S.pdb
1lqv_A.pdb	6icz_S.pdb
1lqv_A.pdb	7dvq_z.pdb
1lqv_A.pdb	2v8s_E.pdb
1lqv_A.pdb	1ira_X.pdb
1lqv_A.pdb	4gaf_A.pdb
1lqv_A.pdb	4or9_B.pdb
1lqv_A.pdb	5sve_B.pdb
1lqv_A.pdb	1m63_B.pdb
1lqv_A.pdb	3ll8_B.pdb
1lqv_A.pdb	4f0z_B.pdb
1lqv_A.pdb	6nuc_B.pdb
1lqv_A.pdb	4byf_B.pdb
1lqv_A.pdb	5jqa_A.pdb
1lqv_A.pdb	2vay_A.pdb
1lqv_A.pdb	3ewv_A.pdb
1lqv_A.pdb	4dck_B.pdb
1lqv_A.pdb	4gow_D.pdb
1lqv_A.pdb	3bya_A.pdb
1lqv_A.pdb	4v0c_C.pdb
1lqv_A.pdb	2r28_A.pdb
1lqv_A.pdb	6sz5_A.pdb
1lqv_A.pdb	4m1l_A.pdb
1lqv_A.pdb	7kl5_A.pdb
1lqv_A.pdb	4upu_A.pdb
1lqv_A.pdb	3ewt_A.pdb
1lqv_A.pdb	2y4v_A.pdb
1lqv_A.pdb	2wel_D.pdb
1lqv_A.pdb	3hr4_B.pdb
1lqv_A.pdb	7byl_B.pdb
1lqv_A.pdb	4y99_A.pdb
1lqv_A.pdb	2q9q_C.pdb
1lqv_A.pdb	2bec_A.pdb
1lqv_A.pdb	4quu_A.pdb
1lqv_A.pdb	6if2_A.pdb
1lqv_A.pdb	4h3k_B.pdb
1lqv_A.pdb	4f02_A.pdb
1lqv_A.pdb	3tfy_A.pdb
1lqv_A.pdb	6itu_A.pdb
1lqv_A.pdb	6df3_C.pdb
1lqv_A.pdb	4xxb_A.pdb
1lqv_A.pdb	3fn1_B.pdb
1lqv_A.pdb	7dvq_X.pdb
6z3j_C.pdb	6z3j_C.pdb
6z3j_C.pdb	1cf7_A.pdb
6z3j_C.pdb	2a1j_B.pdb
5sve_C.pdb	5sve_C.pdb
4yy6_Z.pdb	4yy6_Z.pdb
3u23_B.pdb	3u23_B.pdb
5f6k_M.pdb	5f6k_M.pdb
4txr_C.pdb	4txr_C.pdb
5fmk_B.pdb	5fmk_B.pdb
1ygr_C.pdb	1ygr_C.pdb
4l58_A.pdb	4l58_A.pdb
4l58_A.pdb	3cjk_B.pdb
4l58_A.pdb	2puy_A.pdb
3r29_C.pdb	3r29_C.pdb
3r29_C.pdb	6pdz_C.pdb
3r29_C.pdb	6oni_D.pdb
3r29_C.pdb	4wvd_C.pdb
1a81_B.pdb	1a81_B.pdb
4h3b_B.pdb	4h3b_B.pdb
3lv3_C.pdb	3lv3_C.pdb
4a5x_C.pdb	4a5x_C.pdb
6k7l_A.pdb	6k7l_A.pdb
6k7l_A.pdb	6j8e_A.pdb
6k7l_A.pdb	7bsv_A.pdb
6k7l_A.pdb	5hdt_A.pdb
6k7l_A.pdb	7dvq_1.pdb
6k7l_A.pdb	4fq3_A.pdb
6k7l_A.pdb	2z5k_A.pdb
6k7l_A.pdb	1qbk_B.pdb
6k7l_A.pdb	6urg_A.pdb
6k7l_A.pdb	5dis_A.pdb
6k7l_A.pdb	7dvq_3.pdb
6k7l_A.pdb	6pai_A.pdb
6k7l_A.pdb	3p8c_A.pdb
6k7l_A.pdb	4n78_A.pdb
6k7l_A.pdb	6icz_C.pdb
6k7l_A.pdb	6id1_C.pdb
6k7l_A.pdb	6fcv_A.pdb
6k7l_A.pdb	3i89_A.pdb
6k7l_A.pdb	4e54_A.pdb
6k7l_A.pdb	3i7o_A.pdb
6k7l_A.pdb	3i7p_A.pdb
6k7l_A.pdb	3i8c_A.pdb
6k7l_A.pdb	3i7n_A.pdb
3p8c_E.pdb	3p8c_E.pdb
3p8c_E.pdb	4n78_E.pdb
3p8c_E.pdb	3htu_A.pdb
3p8c_E.pdb	1x79_A.pdb
3p8c_E.pdb	1z0k_B.pdb
4qqi_X.pdb	4qqi_X.pdb
5kya_A.pdb	5kya_A.pdb
5kya_A.pdb	1uhl_B.pdb
5kya_A.pdb	1p8d_A.pdb
5kya_A.pdb	5hjs_A.pdb
5kya_A.pdb	5b83_A.pdb
5kya_A.pdb	4cgy_B.pdb
5kya_A.pdb	3s97_A.pdb
5kya_A.pdb	1xvp_B.pdb
5kya_A.pdb	5ntw_A.pdb
5kya_A.pdb	5ni5_A.pdb
5kya_A.pdb	2iv8_A.pdb
5kya_A.pdb	2iv9_A.pdb
5kya_A.pdb	4s15_A.pdb
5kya_A.pdb	6j4s_A.pdb
5kya_A.pdb	6j8f_B.pdb
5kya_A.pdb	6j4v_A.pdb
5kya_A.pdb	5dse_B.pdb
5kya_A.pdb	3a9e_B.pdb
5kya_A.pdb	3kmz_A.pdb
5kya_A.pdb	3kmr_A.pdb
5kya_A.pdb	1cn4_A.pdb
5kya_A.pdb	4p0p_A.pdb
5kya_A.pdb	1y6k_R.pdb
5kya_A.pdb	4n78_D.pdb
5kya_A.pdb	1n0w_A.pdb
5kya_A.pdb	1a22_A.pdb
5kya_A.pdb	3og6_B.pdb
5kya_A.pdb	5cvd_A.pdb
5kya_A.pdb	6kdr_A.pdb
5kya_A.pdb	6kds_A.pdb
5kya_A.pdb	6n4b_R.pdb
4o2c_C.pdb	4o2c_C.pdb
3czf_C.pdb	3czf_C.pdb
3dxe_B.pdb	3dxe_B.pdb
2nut_A.pdb	2nut_A.pdb
2nut_A.pdb	6v0o_A.pdb
2nut_A.pdb	6v0p_A.pdb
2nut_A.pdb	6v0n_A.pdb
2nut_A.pdb	4gqb_A.pdb
2nut_A.pdb	6c9m_A.pdb
2nut_A.pdb	6qio_A.pdb
2nut_A.pdb	3eg9_B.pdb
2nut_A.pdb	5xau_A.pdb
2nut_A.pdb	4hsu_A.pdb
2nut_A.pdb	3vi3_A.pdb
2nut_A.pdb	4um9_A.pdb
2nut_A.pdb	6om1_A.pdb
2nut_A.pdb	4um8_A.pdb
2nut_A.pdb	2nut_B.pdb
2nut_A.pdb	6igx_B.pdb
2nut_A.pdb	4pnk_A.pdb
2nut_A.pdb	4byf_A.pdb
2nut_A.pdb	5lv0_A.pdb
2nut_A.pdb	5luz_A.pdb
2nut_A.pdb	1kfu_L.pdb
2nut_A.pdb	6m17_A.pdb
2nut_A.pdb	5l3d_A.pdb
2nut_A.pdb	2y48_A.pdb
2nut_A.pdb	3zms_A.pdb
2nut_A.pdb	2uxn_A.pdb
2nut_A.pdb	4czz_A.pdb
2nut_A.pdb	2fju_B.pdb
1xiw_A.pdb	1xiw_A.pdb
1xiw_A.pdb	4v0c_A.pdb
3mrr_P.pdb	3mrr_P.pdb
6kwy_c.pdb	6kwy_c.pdb
2zne_C.pdb	2zne_C.pdb
5c3f_B.pdb	5c3f_B.pdb
5meo_C.pdb	5meo_C.pdb
6l03_F.pdb	6l03_F.pdb
5e8f_D.pdb	5e8f_D.pdb
3qq8_B.pdb	3qq8_B.pdb
3qq8_B.pdb	4f9c_B.pdb
3qq8_B.pdb	4dhx_B.pdb
5xzx_B.pdb	5xzx_B.pdb
3ln5_C.pdb	3ln5_C.pdb
5nnf_B.pdb	5nnf_B.pdb
5c6d_C.pdb	5c6d_C.pdb
4yjl_G.pdb	4yjl_G.pdb
4rwv_B.pdb	4rwv_B.pdb
4zjv_C.pdb	4zjv_C.pdb
2vzg_A.pdb	2vzg_A.pdb
1emu_B.pdb	1emu_B.pdb
3fqn_C.pdb	3fqn_C.pdb
3bhb_C.pdb	3bhb_C.pdb
6wjq_C.pdb	6wjq_C.pdb
7c5d_C.pdb	7c5d_C.pdb
3sf4_D.pdb	3sf4_D.pdb
4m92_B.pdb	4m92_B.pdb
5ywr_B.pdb	5ywr_B.pdb
3f7p_A.pdb	3f7p_A.pdb
6zvh_M.pdb	6zvh_M.pdb
6zvh_M.pdb	4yr8_B.pdb
6zvh_M.pdb	5d1m_B.pdb
6zvh_M.pdb	5fu6_C.pdb
3uxg_B.pdb	3uxg_B.pdb
3uxg_B.pdb	3v31_B.pdb
3uip_D.pdb	3uip_D.pdb
3uip_D.pdb	3uin_D.pdb
1a81_A.pdb	1a81_A.pdb
1a81_A.pdb	4xz1_A.pdb
1a81_A.pdb	4igk_A.pdb
1a81_A.pdb	4ifi_A.pdb
1a81_A.pdb	5df6_A.pdb
1a81_A.pdb	3hhm_B.pdb
1a81_A.pdb	6mib_A.pdb
1a81_A.pdb	1sq0_B.pdb
1a81_A.pdb	5anr_A.pdb
1a81_A.pdb	5ius_C.pdb
1a81_A.pdb	4cqm_A.pdb
1a81_A.pdb	4n7z_A.pdb
1a81_A.pdb	4n7v_A.pdb
1a81_A.pdb	1li1_C.pdb
1a81_A.pdb	1li1_A.pdb
1a81_A.pdb	4p0p_B.pdb
1a81_A.pdb	3cki_A.pdb
1a81_A.pdb	6aco_A.pdb
1a81_A.pdb	6acl_A.pdb
1a81_A.pdb	6acp_A.pdb
1a81_A.pdb	6ace_A.pdb
1a81_A.pdb	6zvh_A.pdb
1a81_A.pdb	6zmt_B.pdb
1a81_A.pdb	6zxe_A.pdb
1a81_A.pdb	3agz_A.pdb
1a81_A.pdb	7cfm_R.pdb
1a81_A.pdb	1h26_B.pdb
1a81_A.pdb	6p3w_B.pdb
1a81_A.pdb	1h24_B.pdb
1a81_A.pdb	1jsu_B.pdb
1a81_A.pdb	1h28_B.pdb
1a81_A.pdb	1h25_B.pdb
1a81_A.pdb	2cci_B.pdb
1a81_A.pdb	4gh7_B.pdb
1a81_A.pdb	1ydi_A.pdb
1a81_A.pdb	4ehp_A.pdb
1a81_A.pdb	4dj9_A.pdb
1a81_A.pdb	3g33_B.pdb
1a81_A.pdb	6p8f_A.pdb
1a81_A.pdb	2w96_A.pdb
1a81_A.pdb	2jgz_B.pdb
1a81_A.pdb	6gu2_B.pdb
1a81_A.pdb	7kjs_B.pdb
1a81_A.pdb	1k5d_A.pdb
1a81_A.pdb	5cll_A.pdb
1a81_A.pdb	1i2m_A.pdb
1a81_A.pdb	1qbk_C.pdb
1a81_A.pdb	4hga_A.pdb
1a81_A.pdb	6du3_A.pdb
1a81_A.pdb	3tgx_A.pdb
1a81_A.pdb	2ngr_A.pdb
1a81_A.pdb	2qme_A.pdb
1a81_A.pdb	5qqj_A.pdb
1a81_A.pdb	1ki1_A.pdb
1a81_A.pdb	1ds6_A.pdb
1a81_A.pdb	1hh4_A.pdb
1a81_A.pdb	6bc1_A.pdb
1a81_A.pdb	4js0_A.pdb
1a81_A.pdb	2yin_C.pdb
1a81_A.pdb	2wm9_B.pdb
1a81_A.pdb	1e96_A.pdb
1a81_A.pdb	2ov2_A.pdb
1a81_A.pdb	2nz8_A.pdb
1a81_A.pdb	4yon_B.pdb
1a81_A.pdb	2fju_A.pdb
1a81_A.pdb	6e2h_D.pdb
3bun_A.pdb	3bun_A.pdb
4gk0_A.pdb	4gk0_A.pdb
4gk0_A.pdb	3abd_A.pdb
4gk0_A.pdb	5xpt_A.pdb
4gk0_A.pdb	6fp6_B.pdb
4nxq_D.pdb	4nxq_D.pdb
3fga_D.pdb	3fga_D.pdb
3fga_D.pdb	3mmy_B.pdb
5ixd_B.pdb	5ixd_B.pdb
4csr_B.pdb	4csr_B.pdb
4csr_B.pdb	6n3e_A.pdb
4csr_B.pdb	5uwc_I.pdb
2iv9_P.pdb	2iv9_P.pdb
5svh_B.pdb	5svh_B.pdb
3mqr_B.pdb	3mqr_B.pdb
4md5_C.pdb	4md5_C.pdb
4iza_B.pdb	4iza_B.pdb
3glr_B.pdb	3glr_B.pdb
4gxl_B.pdb	4gxl_B.pdb
6du3_C.pdb	6du3_C.pdb
6zcj_P.pdb	6zcj_P.pdb
7cnc_B.pdb	7cnc_B.pdb
4ln2_B.pdb	4ln2_B.pdb
3kut_C.pdb	3kut_C.pdb
6akl_C.pdb	6akl_C.pdb
4js0_B.pdb	4js0_B.pdb
4nm3_B.pdb	4nm3_B.pdb
3brt_A.pdb	3brt_A.pdb
3brt_A.pdb	3brv_A.pdb
4b18_B.pdb	4b18_B.pdb
7d0e_B.pdb	7d0e_B.pdb
2om2_B.pdb	2om2_B.pdb
5zoo_A.pdb	5zoo_A.pdb
6zxe_O.pdb	6zxe_O.pdb
6zxe_O.pdb	6zvh_O.pdb
6zxe_O.pdb	6pol_B.pdb
6zxe_O.pdb	6mgp_X.pdb
6zxe_O.pdb	6zmt_Y.pdb
6zxe_O.pdb	6zvh_Y.pdb
6zxe_O.pdb	4dx8_A.pdb
6zxe_O.pdb	3urf_Z.pdb
6zxe_O.pdb	3n1f_A.pdb
6zxe_O.pdb	2wg3_A.pdb
6zxe_O.pdb	3cki_B.pdb
6zxe_O.pdb	3cuq_C.pdb
6zxe_O.pdb	3uin_C.pdb
6zxe_O.pdb	2io2_C.pdb
6zxe_O.pdb	2iy0_C.pdb
6zxe_O.pdb	7egg_F.pdb
6zxe_O.pdb	6tjt_A.pdb
6zxe_O.pdb	1g73_A.pdb
6zxe_O.pdb	7bbd_A.pdb
6zxe_O.pdb	4onl_A.pdb
6zxe_O.pdb	2c2v_C.pdb
6zxe_O.pdb	1ds6_B.pdb
6zxe_O.pdb	1hh4_D.pdb
6zxe_O.pdb	5iso_B.pdb
6zxe_O.pdb	5ezv_B.pdb
6zxe_O.pdb	4kng_E.pdb
3doe_B.pdb	3doe_B.pdb
6j8y_D.pdb	6j8y_D.pdb
4jo7_A.pdb	4jo7_A.pdb
6zxe_B.pdb	6zxe_B.pdb
6zxe_B.pdb	6zvh_B.pdb
6zxe_B.pdb	6kwy_F.pdb
6zxe_B.pdb	5le5_F.pdb
6zxe_B.pdb	6e5b_F.pdb
6zxe_B.pdb	6wlz_H.pdb
6zxe_B.pdb	6zxe_D.pdb
6zxe_B.pdb	6zmt_F.pdb
6zxe_B.pdb	6zvh_D.pdb
6zxe_B.pdb	4wvd_A.pdb
6zxe_B.pdb	5q0i_A.pdb
6zxe_B.pdb	3bej_A.pdb
6zxe_B.pdb	6h2v_A.pdb
6zxe_B.pdb	3uvj_A.pdb
6zxe_B.pdb	3uvj_B.pdb
6zxe_B.pdb	1i8l_A.pdb
6zxe_B.pdb	5f5s_A.pdb
6zxe_B.pdb	3l82_B.pdb
6zxe_B.pdb	6ucc_A.pdb
6zxe_B.pdb	5t46_A.pdb
6zxe_B.pdb	3am7_A.pdb
6zxe_B.pdb	4ued_A.pdb
6zxe_B.pdb	2hle_A.pdb
6zxe_B.pdb	3h8k_A.pdb
6zxe_B.pdb	5bnb_A.pdb
6zxe_B.pdb	2ybf_A.pdb
6zxe_B.pdb	6j7x_C.pdb
6zxe_B.pdb	4p3w_A.pdb
6zxe_B.pdb	5xuy_A.pdb
6zxe_B.pdb	1pzl_A.pdb
6zxe_B.pdb	5nvl_A.pdb
6zxe_B.pdb	5nvn_A.pdb
6zxe_B.pdb	5xln_A.pdb
3vri_C.pdb	3vri_C.pdb
6pai_D.pdb	6pai_D.pdb
6pai_D.pdb	5lxr_A.pdb
3i1h_B.pdb	3i1h_B.pdb
5c6h_B.pdb	5c6h_B.pdb
2bec_B.pdb	2bec_B.pdb
2j6o_C.pdb	2j6o_C.pdb
2bo9_A.pdb	2bo9_A.pdb
2bo9_A.pdb	6xf1_B.pdb
2bo9_A.pdb	4jgh_D.pdb
2bo9_A.pdb	6kxx_A.pdb
2bo9_A.pdb	1k7l_A.pdb
2bo9_A.pdb	5dx1_A.pdb
2bo9_A.pdb	5mzv_C.pdb
2bo9_A.pdb	5c5b_A.pdb
2bo9_A.pdb	5c5b_B.pdb
2bo9_A.pdb	6obn_C.pdb
2bo9_A.pdb	2a1u_A.pdb
2bo9_A.pdb	4m76_A.pdb
2bo9_A.pdb	1ghq_A.pdb
2bo9_A.pdb	2a1t_R.pdb
2bo9_A.pdb	6fae_A.pdb
2bo9_A.pdb	4yjl_A.pdb
2bo9_A.pdb	4i5l_B.pdb
2bo9_A.pdb	7d2t_A.pdb
2bo9_A.pdb	1wq1_G.pdb
1cf7_B.pdb	1cf7_B.pdb
1cf7_B.pdb	2ypa_A.pdb
1cf7_B.pdb	3kfd_I.pdb
1cf7_B.pdb	2pjy_C.pdb
1cf7_B.pdb	6mac_K.pdb
2vm6_B.pdb	2vm6_B.pdb
2vm6_B.pdb	4zie_C.pdb
2vm6_B.pdb	6qfi_B.pdb
2vm6_B.pdb	4qvf_B.pdb
2vm6_B.pdb	4b4s_B.pdb
2vm6_B.pdb	5vwy_B.pdb
6akm_A.pdb	6akm_A.pdb
4erq_D.pdb	4erq_D.pdb
4erq_D.pdb	4ery_D.pdb
3tsz_B.pdb	3tsz_B.pdb
6ar2_C.pdb	6ar2_C.pdb
4y97_A.pdb	4y97_A.pdb
4y97_A.pdb	2bex_A.pdb
4y97_A.pdb	1a4y_A.pdb
4y97_A.pdb	6s8v_B.pdb
4y97_A.pdb	3f8u_A.pdb
4y97_A.pdb	6jat_A.pdb
4y97_A.pdb	5ex3_A.pdb
4y97_A.pdb	3gzn_A.pdb
4y97_A.pdb	2nvu_A.pdb
4y97_A.pdb	4kmd_A.pdb
4y97_A.pdb	7byl_A.pdb
4y97_A.pdb	3tx7_A.pdb
4y97_A.pdb	6vax_A.pdb
4y97_A.pdb	3l6x_A.pdb
4y97_A.pdb	5e6s_A.pdb
4y97_A.pdb	6sn1_A.pdb
3qj6_T.pdb	3qj6_T.pdb
6tjt_D.pdb	6tjt_D.pdb
6v1a_C.pdb	6v1a_C.pdb
6aco_B.pdb	6aco_B.pdb
3mqr_A.pdb	3mqr_A.pdb
3mqr_A.pdb	3mqs_C.pdb
3mqr_A.pdb	4jjq_A.pdb
3mqr_A.pdb	4l0p_B.pdb
3mqr_A.pdb	2wo3_B.pdb
3mqr_A.pdb	2hle_B.pdb
3mqr_A.pdb	3gxu_B.pdb
3mqr_A.pdb	3mbw_B.pdb
3mqr_A.pdb	2izv_A.pdb
3mqr_A.pdb	2wqa_E.pdb
3mqr_A.pdb	5gqq_C.pdb
3mqr_A.pdb	2zne_A.pdb
3mqr_A.pdb	3wxa_A.pdb
3mqr_A.pdb	5uq2_B.pdb
3mqr_A.pdb	3ma2_A.pdb
3mqr_A.pdb	4dgl_A.pdb
3mqr_A.pdb	4h6j_B.pdb
3mqr_A.pdb	3f1p_B.pdb
3mqr_A.pdb	1g73_C.pdb
3mqr_A.pdb	1nw9_A.pdb
3mqr_A.pdb	4h6j_A.pdb
3mqr_A.pdb	3f1p_A.pdb
2b3g_B.pdb	2b3g_B.pdb
5ib2_C.pdb	5ib2_C.pdb
5xof_O.pdb	5xof_O.pdb
4m1l_B.pdb	4m1l_B.pdb
5nvn_B.pdb	5nvn_B.pdb
5nvn_B.pdb	4ued_B.pdb
5nvn_B.pdb	5t46_B.pdb
4hon_F.pdb	4hon_F.pdb
3vro_B.pdb	3vro_B.pdb
5vz5_C.pdb	5vz5_C.pdb
1h28_E.pdb	1h28_E.pdb
5mk3_E.pdb	5mk3_E.pdb
5mk3_E.pdb	5v3r_B.pdb
4m7c_C.pdb	4m7c_C.pdb
4zrt_B.pdb	4zrt_B.pdb
1a02_F.pdb	1a02_F.pdb
6x18_P.pdb	6x18_P.pdb
6x18_P.pdb	2qkh_B.pdb
1w70_C.pdb	1w70_C.pdb
4fq3_B.pdb	4fq3_B.pdb
4ifi_B.pdb	4ifi_B.pdb
6ms4_B.pdb	6ms4_B.pdb
5n92_A.pdb	5n92_A.pdb
5n92_A.pdb	5n92_F.pdb
4m91_A.pdb	4m91_A.pdb
4m91_A.pdb	4m92_A.pdb
4m91_A.pdb	4dbg_B.pdb
4m91_A.pdb	6b9x_B.pdb
4m91_A.pdb	6ehr_B.pdb
4m91_A.pdb	5x6v_B.pdb
4m91_A.pdb	1jfi_B.pdb
4m91_A.pdb	4z9v_A.pdb
4m91_A.pdb	2p1l_A.pdb
4m91_A.pdb	5fmk_A.pdb
4m91_A.pdb	4qvf_A.pdb
4m91_A.pdb	3pl7_A.pdb
4m91_A.pdb	4hnj_A.pdb
4m91_A.pdb	3r85_A.pdb
4m91_A.pdb	4qve_A.pdb
4m91_A.pdb	4zie_A.pdb
4m91_A.pdb	4bd2_A.pdb
4m91_A.pdb	5vwy_A.pdb
4m91_A.pdb	3ojy_C.pdb
4m91_A.pdb	5c6h_A.pdb
4m91_A.pdb	5c3f_A.pdb
4m91_A.pdb	6qfi_A.pdb
4m91_A.pdb	3pk1_A.pdb
4m91_A.pdb	4b4s_A.pdb
4m91_A.pdb	3mxn_A.pdb
4m91_A.pdb	4v11_A.pdb
4m91_A.pdb	3lbx_A.pdb
4m91_A.pdb	3kxc_A.pdb
4m91_A.pdb	3kbt_C.pdb
4m91_A.pdb	7dvq_8.pdb
4m91_A.pdb	6lsd_A.pdb
6zxe_x.pdb	6zxe_x.pdb
6zxe_x.pdb	7dvq_M.pdb
6zxe_x.pdb	6y4g_A.pdb
1nfi_B.pdb	1nfi_B.pdb
1nfi_B.pdb	7dvq_v.pdb
1nfi_B.pdb	1fyr_A.pdb
1nfi_B.pdb	5zmc_A.pdb
1nfi_B.pdb	6oi4_A.pdb
1nfi_B.pdb	5v1z_A.pdb
1nfi_B.pdb	7dvq_I.pdb
5gk9_B.pdb	5gk9_B.pdb
3mcb_A.pdb	3mcb_A.pdb
3mcb_A.pdb	1jfi_A.pdb
3mcb_A.pdb	6akm_B.pdb
4y6l_C.pdb	4y6l_C.pdb
4m91_B.pdb	4m91_B.pdb
6ko2_B.pdb	6ko2_B.pdb
4a1g_E.pdb	4a1g_E.pdb
3fqx_C.pdb	3fqx_C.pdb
5qu2_A.pdb	5qu2_A.pdb
5qu2_A.pdb	4wy4_A.pdb
5qu2_A.pdb	6zee_C.pdb
5qu2_A.pdb	6zeh_C.pdb
5qu2_A.pdb	6zeg_C.pdb
5qu2_A.pdb	1nlw_A.pdb
5qu2_A.pdb	1m27_C.pdb
5qu2_A.pdb	6wau_A.pdb
5qu2_A.pdb	6wav_A.pdb
3fn1_A.pdb	3fn1_A.pdb
3fn1_A.pdb	6kz7_B.pdb
3fn1_A.pdb	6odd_B.pdb
3fn1_A.pdb	6uxe_B.pdb
3fn1_A.pdb	7ndy_A.pdb
3fn1_A.pdb	7czm_A.pdb
3fn1_A.pdb	7d0e_A.pdb
4esg_C.pdb	4esg_C.pdb
4cy2_D.pdb	4cy2_D.pdb
1ybo_C.pdb	1ybo_C.pdb
1zjd_B.pdb	1zjd_B.pdb
1zjd_B.pdb	4isn_B.pdb
1zjd_B.pdb	1yc0_I.pdb
3brt_B.pdb	3brt_B.pdb
3brt_B.pdb	3brv_B.pdb
3brt_B.pdb	3m0a_A.pdb
3brt_B.pdb	3m0d_A.pdb
3fqt_C.pdb	3fqt_C.pdb
7jhx_C.pdb	7jhx_C.pdb
4gk0_C.pdb	4gk0_C.pdb
4gk0_C.pdb	3abd_X.pdb
6urg_F.pdb	6urg_F.pdb
3bo8_C.pdb	3bo8_C.pdb
3bya_B.pdb	3bya_B.pdb
3bya_B.pdb	2vay_B.pdb
2z4j_B.pdb	2z4j_B.pdb
4c5i_C.pdb	4c5i_C.pdb
6zxe_U.pdb	6zxe_U.pdb
6zxe_U.pdb	6zmt_V.pdb
6zxe_U.pdb	6zvh_U.pdb
1i4f_C.pdb	1i4f_C.pdb
4cy2_C.pdb	4cy2_C.pdb
1qr1_C.pdb	1qr1_C.pdb
6jat_B.pdb	6jat_B.pdb
6jat_B.pdb	3kmz_C.pdb
6jat_B.pdb	3n00_B.pdb
5f0p_D.pdb	5f0p_D.pdb
5iy4_B.pdb	5iy4_B.pdb
6b9h_B.pdb	6b9h_B.pdb
4n7v_C.pdb	4n7v_C.pdb
7d8p_C.pdb	7d8p_C.pdb
1klu_C.pdb	1klu_C.pdb
3mcb_B.pdb	3mcb_B.pdb
1w70_A.pdb	1w70_A.pdb
1w70_A.pdb	4ln2_A.pdb
1w70_A.pdb	2o9v_A.pdb
1w70_A.pdb	2dsq_G.pdb
1w70_A.pdb	2vwf_A.pdb
1w70_A.pdb	1jsu_C.pdb
1w70_A.pdb	3u23_A.pdb
1w70_A.pdb	2j6o_A.pdb
1w70_A.pdb	1xiw_B.pdb
3tgx_B.pdb	3tgx_B.pdb
3tgx_B.pdb	2hth_B.pdb
3tgx_B.pdb	1ow6_A.pdb
3tgx_B.pdb	6fyh_A.pdb
3tgx_B.pdb	6fx4_A.pdb
3tgx_B.pdb	6uui_X.pdb
3ovv_B.pdb	3ovv_B.pdb
3ovv_B.pdb	4wb7_I.pdb
3bua_E.pdb	3bua_E.pdb
4r7a_A.pdb	4r7a_A.pdb
4oh8_B.pdb	4oh8_B.pdb
5w69_I.pdb	5w69_I.pdb
4y19_C.pdb	4y19_C.pdb
6pb1_U.pdb	6pb1_U.pdb
6pb1_U.pdb	6p9x_P.pdb
6pb1_U.pdb	6pb0_U.pdb
3wxa_C.pdb	3wxa_C.pdb
5l7k_B.pdb	5l7k_B.pdb
4wrq_C.pdb	4wrq_C.pdb
6sz5_B.pdb	6sz5_B.pdb
4jo7_B.pdb	4jo7_B.pdb
5qu2_D.pdb	5qu2_D.pdb
7kl5_B.pdb	7kl5_B.pdb
2r28_C.pdb	2r28_C.pdb
6mil_B.pdb	6mil_B.pdb
5hky_B.pdb	5hky_B.pdb
4gvc_B.pdb	4gvc_B.pdb
3qzv_C.pdb	3qzv_C.pdb
6byh_E.pdb	6byh_E.pdb
7k0k_C.pdb	7k0k_C.pdb
4po6_B.pdb	4po6_B.pdb
5vaq_C.pdb	5vaq_C.pdb
5w6a_E.pdb	5w6a_E.pdb
1ydi_B.pdb	1ydi_B.pdb
5ggp_C.pdb	5ggp_C.pdb
4rs1_A.pdb	4rs1_A.pdb
3ayu_B.pdb	3ayu_B.pdb
6uus_P.pdb	6uus_P.pdb
2yho_A.pdb	2yho_A.pdb
2yho_A.pdb	5fer_A.pdb
3l6x_B.pdb	3l6x_B.pdb
6pau_C.pdb	6pau_C.pdb
3bux_A.pdb	3bux_A.pdb
6d1u_D.pdb	6d1u_D.pdb
1h25_E.pdb	1h25_E.pdb
5xyf_B.pdb	5xyf_B.pdb
6b27_G.pdb	6b27_G.pdb
4gow_A.pdb	4gow_A.pdb
2y9q_B.pdb	2y9q_B.pdb
6wav_E.pdb	6wav_E.pdb
1m5n_Q.pdb	1m5n_Q.pdb
4xef_B.pdb	4xef_B.pdb
6cwx_B.pdb	6cwx_B.pdb
6cwx_B.pdb	6zxe_R.pdb
6cwx_B.pdb	6zmt_S.pdb
6cwx_B.pdb	6zvh_R.pdb
6cwx_B.pdb	6mil_A.pdb
6cwx_B.pdb	5j9s_A.pdb
6cwx_B.pdb	5gt0_D.pdb
6cwx_B.pdb	6kvd_D.pdb
6cwx_B.pdb	5gt3_D.pdb
6cwx_B.pdb	6l9z_D.pdb
6cwx_B.pdb	6kbb_B.pdb
6cwx_B.pdb	3x1s_D.pdb
6cwx_B.pdb	3wkj_D.pdb
6cwx_B.pdb	4cay_B.pdb
6cwx_B.pdb	5fug_B.pdb
6cwx_B.pdb	2cv5_D.pdb
6cwx_B.pdb	6m4g_D.pdb
6cwx_B.pdb	6k1k_D.pdb
6cwx_B.pdb	6x59_D.pdb
7a78_B.pdb	7a78_B.pdb
7a78_B.pdb	5ni5_C.pdb
7a78_B.pdb	3a9e_I.pdb
7a78_B.pdb	7a79_C.pdb
7a78_B.pdb	7a77_B.pdb
7a78_B.pdb	1pzl_B.pdb
5unj_C.pdb	5unj_C.pdb
6r2i_B.pdb	6r2i_B.pdb
7k0k_B.pdb	7k0k_B.pdb
7k0k_B.pdb	7k0m_B.pdb
7k0k_B.pdb	7k0k_A.pdb
7k0k_B.pdb	7k0m_A.pdb
7k0k_B.pdb	6icz_W.pdb
7k0k_B.pdb	6c6k_A.pdb
7k0k_B.pdb	3ojy_B.pdb
7k0k_B.pdb	5dse_A.pdb
7k0k_B.pdb	1m5n_S.pdb
7k0k_B.pdb	2ovr_B.pdb
7k0k_B.pdb	5v4b_B.pdb
7k0k_B.pdb	4bx9_A.pdb
7k0k_B.pdb	1ygr_A.pdb
7k0k_B.pdb	5hyn_A.pdb
7k0k_B.pdb	5l8w_B.pdb
7k0k_B.pdb	5k1c_B.pdb
7k0k_B.pdb	6erh_A.pdb
7k0k_B.pdb	1jey_A.pdb
7k0k_B.pdb	3b2d_A.pdb
7k0k_B.pdb	6iyc_A.pdb
7k0k_B.pdb	6idf_A.pdb
7k0k_B.pdb	2nvu_B.pdb
7k0k_B.pdb	6wlz_A.pdb
7k0k_B.pdb	5bnw_A.pdb
7k0k_B.pdb	5vif_A.pdb
7k0k_B.pdb	1de4_C.pdb
7k0k_B.pdb	7c7s_A.pdb
7k0k_B.pdb	6sh6_A.pdb
7k0k_B.pdb	4cgy_A.pdb
7k0k_B.pdb	4po6_A.pdb
7k0k_B.pdb	6e2p_A.pdb
7k0k_B.pdb	6e2q_A.pdb
7k0k_B.pdb	5ixd_A.pdb
7k0k_B.pdb	3nvq_B.pdb
7k0k_B.pdb	4o3t_B.pdb
7k0k_B.pdb	4egc_A.pdb
7k0k_B.pdb	7cq5_C.pdb
7k0k_B.pdb	6zmd_A.pdb
7k0k_B.pdb	6lth_L.pdb
7k0k_B.pdb	5v6y_A.pdb
7k0k_B.pdb	6d1u_A.pdb
7k0k_B.pdb	3h3g_A.pdb
7k0k_B.pdb	3c4m_A.pdb
7k0k_B.pdb	4cqo_A.pdb
7k0k_B.pdb	5fu6_A.pdb
4upu_B.pdb	4upu_B.pdb
6spz_P.pdb	6spz_P.pdb
4oh8_A.pdb	4oh8_A.pdb
7lwb_D.pdb	7lwb_D.pdb
7cj0_G.pdb	7cj0_G.pdb
7cj0_G.pdb	5bnx_C.pdb
7cj0_G.pdb	7ciz_C.pdb
7cj0_G.pdb	5bo0_C.pdb
4bry_B.pdb	4bry_B.pdb
4bry_B.pdb	6lth_R.pdb
1vzj_I.pdb	1vzj_I.pdb
4zri_C.pdb	4zri_C.pdb
1ow6_D.pdb	1ow6_D.pdb
4dj9_B.pdb	4dj9_B.pdb
3r45_C.pdb	3r45_C.pdb
3r45_C.pdb	5xjl_G.pdb
4mqv_B.pdb	4mqv_B.pdb
4nf9_C.pdb	4nf9_C.pdb
4mqv_A.pdb	4mqv_A.pdb
4mqv_A.pdb	2nvu_I.pdb
4mqv_A.pdb	3gzn_I.pdb
4mqv_A.pdb	6mye_A.pdb
4mqv_A.pdb	4fjv_B.pdb
4mqv_A.pdb	4xkl_A.pdb
4mqv_A.pdb	5ydr_A.pdb
4mqv_A.pdb	5wvo_A.pdb
4mqv_A.pdb	6oi4_C.pdb
4mqv_A.pdb	4auq_C.pdb
4mqv_A.pdb	6sqo_C.pdb
4mqv_A.pdb	5hpt_B.pdb
4mqv_A.pdb	6fyh_B.pdb
4mqv_A.pdb	7bbd_D.pdb
4mqv_A.pdb	3n3k_B.pdb
4mqv_A.pdb	5bnb_E.pdb
4mqv_A.pdb	3tbl_D.pdb
4mqv_A.pdb	3zni_D.pdb
4mqv_A.pdb	5j26_B.pdb
4mqv_A.pdb	1s1q_B.pdb
4mqv_A.pdb	5yt6_A.pdb
4mqv_A.pdb	3ugb_B.pdb
4mqv_A.pdb	3o65_B.pdb
4mqv_A.pdb	5n38_B.pdb
4mqv_A.pdb	5jg6_B.pdb
4mqv_A.pdb	5l8w_C.pdb
4mqv_A.pdb	5l8h_B.pdb
4mqv_A.pdb	5lrx_B.pdb
4mqv_A.pdb	4ap4_C.pdb
4mqv_A.pdb	6t7f_C.pdb
4mqv_A.pdb	6fx4_B.pdb
4mqv_A.pdb	6dgf_B.pdb
4mqv_A.pdb	2hth_A.pdb
4mqv_A.pdb	6nj9_L.pdb
4mqv_A.pdb	3k9o_B.pdb
4mqv_A.pdb	2g45_B.pdb
4mqv_A.pdb	7m3q_B.pdb
4mqv_A.pdb	5hps_B.pdb
4mqv_A.pdb	5hpk_B.pdb
4mqv_A.pdb	6fge_C.pdb
4mqv_A.pdb	5ifr_B.pdb
4mqv_A.pdb	5kyc_C.pdb
4mqv_A.pdb	6pgv_B.pdb
4mqv_A.pdb	4uel_B.pdb
4mqv_A.pdb	3nhe_B.pdb
4mqv_A.pdb	5txk_B.pdb
4mqv_A.pdb	6asr_A.pdb
4mqv_A.pdb	6qml_B.pdb
4mqv_A.pdb	6nxk_A.pdb
4mqv_A.pdb	5dfl_B.pdb
4mqv_A.pdb	3tmp_B.pdb
4mqv_A.pdb	3v6c_B.pdb
4mqv_A.pdb	5tut_B.pdb
4mqv_A.pdb	3ifw_B.pdb
5jno_B.pdb	5jno_B.pdb
6g0s_D.pdb	6g0s_D.pdb
3vrj_C.pdb	3vrj_C.pdb
4igk_C.pdb	4igk_C.pdb
4zp3_M.pdb	4zp3_M.pdb
4mzg_A.pdb	4mzg_A.pdb
4mzg_A.pdb	1o9s_K.pdb
4mzg_A.pdb	2puy_E.pdb
4mzg_A.pdb	4gy5_E.pdb
4mzg_A.pdb	3sou_D.pdb
4mzg_A.pdb	5fb0_D.pdb
4mzg_A.pdb	3ql9_C.pdb
4mzg_A.pdb	4u7t_F.pdb
4mzg_A.pdb	4gnf_C.pdb
5w6v_B.pdb	5w6v_B.pdb
2vwf_B.pdb	2vwf_B.pdb
5jno_A.pdb	5jno_A.pdb
1lb6_B.pdb	1lb6_B.pdb
6lsd_C.pdb	6lsd_C.pdb
5t6w_C.pdb	5t6w_C.pdb
5ljn_C.pdb	5ljn_C.pdb
7dvq_7.pdb	7dvq_7.pdb
6xog_C.pdb	6xog_C.pdb
6xog_C.pdb	6uyr_A.pdb
3a4u_B.pdb	3a4u_B.pdb
4cay_C.pdb	4cay_C.pdb
2y4v_B.pdb	2y4v_B.pdb
6asr_B.pdb	6asr_B.pdb
4af3_D.pdb	4af3_D.pdb
4kgq_A.pdb	4kgq_A.pdb
4kgq_A.pdb	4rsu_A.pdb
4kgq_A.pdb	4msv_A.pdb
4kgq_A.pdb	6brb_A.pdb
4kgq_A.pdb	4cym_D.pdb
4kgq_A.pdb	7kpb_A.pdb
4kgq_A.pdb	3k51_A.pdb
4kgq_A.pdb	3t5g_A.pdb
4kgq_A.pdb	5f0p_C.pdb
4kgq_A.pdb	5f0j_C.pdb
4kgq_A.pdb	3si5_A.pdb
4kgq_A.pdb	5lpn_B.pdb
4kgq_A.pdb	4a1g_A.pdb
4kgq_A.pdb	2i9b_A.pdb
4kgq_A.pdb	6zbk_A.pdb
4kgq_A.pdb	3mqp_A.pdb
4kgq_A.pdb	4zeq_A.pdb
4kgq_A.pdb	5uul_A.pdb
4kgq_A.pdb	3i1h_A.pdb
4kgq_A.pdb	2vm6_A.pdb
4kgq_A.pdb	5qqj_B.pdb
4kgq_A.pdb	5tb5_B.pdb
4kgq_A.pdb	5e8f_A.pdb
4kgq_A.pdb	4jhp_B.pdb
4kgq_A.pdb	3t5g_B.pdb
4kgq_A.pdb	6y4l_B.pdb
4gs7_A.pdb	4gs7_A.pdb
4gs7_A.pdb	3tnu_B.pdb
4gs7_A.pdb	6uui_C.pdb
4gs7_A.pdb	3tnu_A.pdb
4gs7_A.pdb	3b4v_A.pdb
4gs7_A.pdb	2b0u_A.pdb
4gs7_A.pdb	5vz4_A.pdb
4gs7_A.pdb	5vxz_C.pdb
4gs7_A.pdb	6z3l_A.pdb
4gs7_A.pdb	6z3j_A.pdb
4gs7_A.pdb	6z3g_A.pdb
4gs7_A.pdb	3qb4_A.pdb
4gs7_A.pdb	4ui0_A.pdb
4gs7_A.pdb	2h62_A.pdb
4gs7_A.pdb	1m4u_L.pdb
4gs7_A.pdb	6mac_A.pdb
4gs7_A.pdb	5jhw_A.pdb
4gs7_A.pdb	6sf3_B.pdb
4gs7_A.pdb	7l0j_A.pdb
4gs7_A.pdb	3ff7_A.pdb
1r2b_C.pdb	1r2b_C.pdb
3si5_X.pdb	3si5_X.pdb
4chb_C.pdb	4chb_C.pdb
7bbl_B.pdb	7bbl_B.pdb
3jwr_C.pdb	3jwr_C.pdb
4y99_B.pdb	4y99_B.pdb
4y99_B.pdb	6wlw_T.pdb
6d94_B.pdb	6d94_B.pdb
5bnw_D.pdb	5bnw_D.pdb
6g6x_P.pdb	6g6x_P.pdb
4um9_E.pdb	4um9_E.pdb
5v6y_E.pdb	5v6y_E.pdb
5nng_B.pdb	5nng_B.pdb
5eof_C.pdb	5eof_C.pdb
5eof_C.pdb	5ep6_B.pdb
2ggm_C.pdb	2ggm_C.pdb
6hep_E.pdb	6hep_E.pdb
1n4m_C.pdb	1n4m_C.pdb
3zkj_B.pdb	3zkj_B.pdb
3zkj_B.pdb	1lqb_B.pdb
3zkj_B.pdb	2izv_C.pdb
3zkj_B.pdb	6i5n_C.pdb
3zkj_B.pdb	6hr2_C.pdb
3zkj_B.pdb	1wmh_B.pdb
3zkj_B.pdb	5aox_B.pdb
3t5x_B.pdb	3t5x_B.pdb
2a1j_A.pdb	2a1j_A.pdb
1g1s_A.pdb	1g1s_A.pdb
4qae_P.pdb	4qae_P.pdb
4oni_C.pdb	4oni_C.pdb
1bh9_A.pdb	1bh9_A.pdb
5n10_C.pdb	5n10_C.pdb
6pag_C.pdb	6pag_C.pdb
4gba_F.pdb	4gba_F.pdb
4h10_A.pdb	4h10_A.pdb
4hx1_C.pdb	4hx1_C.pdb
4hx1_C.pdb	6qnx_C.pdb
1tu3_F.pdb	1tu3_F.pdb
1tu3_F.pdb	3tq7_A.pdb
1tu3_F.pdb	3tq7_B.pdb
2xs0_B.pdb	2xs0_B.pdb
1h59_B.pdb	1h59_B.pdb
1o6k_A.pdb	1o6k_A.pdb
1o6k_A.pdb	3cqw_A.pdb
1o6k_A.pdb	4riy_B.pdb
1o6k_A.pdb	4riy_A.pdb
1o6k_A.pdb	4zjv_A.pdb
1o6k_A.pdb	4ndn_E.pdb
1o6k_A.pdb	4f9c_A.pdb
1o6k_A.pdb	6l59_B.pdb
1o6k_A.pdb	5iso_E.pdb
1o6k_A.pdb	6c9h_C.pdb
1o6k_A.pdb	4h3k_A.pdb
1o6k_A.pdb	3kbt_A.pdb
1o6k_A.pdb	3ovv_A.pdb
1o6k_A.pdb	4wb7_A.pdb
1o6k_A.pdb	7ako_A.pdb
1o6k_A.pdb	3jwr_A.pdb
1o6k_A.pdb	4d0n_B.pdb
1o6k_A.pdb	3zhp_C.pdb
1o6k_A.pdb	5fqd_C.pdb
1o6k_A.pdb	6zxe_y.pdb
1o6k_A.pdb	4mne_A.pdb
1o6k_A.pdb	3gni_B.pdb
1o6k_A.pdb	2wtk_B.pdb
1o6k_A.pdb	4mne_B.pdb
1o6k_A.pdb	6u2h_C.pdb
1o6k_A.pdb	6y32_A.pdb
1o6k_A.pdb	6y4g_B.pdb
1o6k_A.pdb	4af3_A.pdb
1o6k_A.pdb	5g1x_A.pdb
1o6k_A.pdb	6gr8_A.pdb
1o6k_A.pdb	6wly_A.pdb
1o6k_A.pdb	5v22_A.pdb
1o6k_A.pdb	5jlb_A.pdb
1o6k_A.pdb	3tac_A.pdb
1o6k_A.pdb	4rr2_A.pdb
1o6k_A.pdb	6x5q_A.pdb
1o6k_A.pdb	2wel_A.pdb
1o6k_A.pdb	5e8j_A.pdb
1o6k_A.pdb	4eoz_B.pdb
1o6k_A.pdb	2h6f_A.pdb
1o6k_A.pdb	6o60_C.pdb
1o6k_A.pdb	6u3v_B.pdb
1o6k_A.pdb	6wcv_B.pdb
1o6k_A.pdb	6g4q_B.pdb
1o6k_A.pdb	6caj_A.pdb
1o6k_A.pdb	5dis_C.pdb
1o6k_A.pdb	5ccb_B.pdb
1o6k_A.pdb	5vbn_A.pdb
1o6k_A.pdb	1c4z_A.pdb
1o6k_A.pdb	2okr_A.pdb
1o6k_A.pdb	2y8o_A.pdb
1o6k_A.pdb	4nif_A.pdb
1o6k_A.pdb	7b5o_J.pdb
1o6k_A.pdb	6z1n_A.pdb
1o6k_A.pdb	4yr8_A.pdb
1o6k_A.pdb	4h36_A.pdb
1o6k_A.pdb	4h3b_A.pdb
1o6k_A.pdb	3ptg_A.pdb
1o6k_A.pdb	3vum_A.pdb
1o6k_A.pdb	2xs0_A.pdb
1o6k_A.pdb	4ux9_A.pdb
1o6k_A.pdb	6b3x_A.pdb
1o6k_A.pdb	1bi8_A.pdb
1o6k_A.pdb	1g3n_A.pdb
1o6k_A.pdb	4ic7_A.pdb
1o6k_A.pdb	6gwj_K.pdb
1o6k_A.pdb	2y9q_A.pdb
1o6k_A.pdb	4iza_A.pdb
1o6k_A.pdb	4nif_B.pdb
1o6k_A.pdb	4yc6_A.pdb
1o6k_A.pdb	6gu2_A.pdb
1o6k_A.pdb	5uq2_A.pdb
1o6k_A.pdb	1jsu_A.pdb
1o6k_A.pdb	1h24_A.pdb
1o6k_A.pdb	1buh_A.pdb
1o6k_A.pdb	1h28_A.pdb
1o6k_A.pdb	1h25_A.pdb
1o6k_A.pdb	2jgz_A.pdb
1o6k_A.pdb	2cci_A.pdb
1o6k_A.pdb	7kjs_A.pdb
1o6k_A.pdb	1fq1_B.pdb
1o6k_A.pdb	5ax3_A.pdb
1o6k_A.pdb	3g33_A.pdb
1o6k_A.pdb	6p8f_B.pdb
1o6k_A.pdb	2w96_B.pdb
1o6k_A.pdb	6t41_A.pdb
1o6k_A.pdb	5uwc_G.pdb
1o6k_A.pdb	2wtk_C.pdb
1o6k_A.pdb	5jh5_A.pdb
1o6k_A.pdb	3mdy_A.pdb
1o6k_A.pdb	6i1s_A.pdb
1o6k_A.pdb	1b6c_B.pdb
1o6k_A.pdb	4n6o_A.pdb
1o6k_A.pdb	4cru_A.pdb
1o6k_A.pdb	6lb7_A.pdb
1o6k_A.pdb	4imy_A.pdb
1o6k_A.pdb	3mi9_A.pdb
1o6k_A.pdb	3mbw_A.pdb
1o6k_A.pdb	6ine_A.pdb
1o6k_A.pdb	4lac_B.pdb
1o6k_A.pdb	4zri_A.pdb
1o6k_A.pdb	3k9m_A.pdb
1o6k_A.pdb	6fge_A.pdb
1o6k_A.pdb	4hdo_A.pdb
1o6k_A.pdb	4hdq_A.pdb
1o6k_A.pdb	6wcw_A.pdb
1o6k_A.pdb	4iqr_A.pdb
1o6k_A.pdb	5lrx_A.pdb
1o6k_A.pdb	5lm1_A.pdb
1o6k_A.pdb	5hqp_C.pdb
1o6k_A.pdb	3cqc_A.pdb
1o6k_A.pdb	3g65_A.pdb
1o6k_A.pdb	6j8y_A.pdb
3jpx_B.pdb	3jpx_B.pdb
7cna_B.pdb	7cna_B.pdb
2iuh_B.pdb	2iuh_B.pdb
6wlw_V.pdb	6wlw_V.pdb
5y6l_E.pdb	5y6l_E.pdb
1a4y_B.pdb	1a4y_B.pdb
1a4y_B.pdb	7egg_I.pdb
1a4y_B.pdb	3t6g_B.pdb
1a4y_B.pdb	4qaf_A.pdb
1a4y_B.pdb	3dxe_A.pdb
2i32_E.pdb	2i32_E.pdb
1efx_C.pdb	1efx_C.pdb
5ntw_P.pdb	5ntw_P.pdb
5ntw_P.pdb	4s15_C.pdb
2fmm_A.pdb	2fmm_A.pdb
2fmm_A.pdb	6zmt_b.pdb
2fmm_A.pdb	6zxe_b.pdb
2fmm_A.pdb	6zvh_b.pdb
2fmm_A.pdb	6zxe_V.pdb
2fmm_A.pdb	6zmt_Z.pdb
2fmm_A.pdb	6zvh_V.pdb
4drb_J.pdb	4drb_J.pdb
4drb_J.pdb	1bh9_B.pdb
4drb_J.pdb	5nvl_B.pdb
1vzj_A.pdb	1vzj_A.pdb
1o6k_C.pdb	1o6k_C.pdb
1o6k_C.pdb	3cqw_C.pdb
4z68_E.pdb	4z68_E.pdb
3shv_C.pdb	3shv_C.pdb
3pl7_C.pdb	3pl7_C.pdb
3pl7_C.pdb	3pk1_B.pdb
3htu_B.pdb	3htu_B.pdb
3htu_B.pdb	7k95_B.pdb
7bbl_A.pdb	7bbl_A.pdb
7bbl_A.pdb	4yy6_A.pdb
7bbl_A.pdb	1hcn_A.pdb
7bbl_A.pdb	4ay9_A.pdb
7bbl_A.pdb	2ihb_B.pdb
7bbl_A.pdb	2v8s_V.pdb
7bbl_A.pdb	6ko2_A.pdb
7bbl_A.pdb	5hjc_A.pdb
7bbl_A.pdb	4kv1_A.pdb
7bbl_A.pdb	5nne_A.pdb
7bbl_A.pdb	6g0q_A.pdb
7bbl_A.pdb	5nnf_A.pdb
7bbl_A.pdb	6g0s_A.pdb
7bbl_A.pdb	6g0o_A.pdb
7bbl_A.pdb	5nng_A.pdb
7bbl_A.pdb	6g0p_A.pdb
1g1s_C.pdb	1g1s_C.pdb
6kds_E.pdb	6kds_E.pdb
6kds_E.pdb	5cvd_D.pdb
6h2v_B.pdb	6h2v_B.pdb
6h2v_B.pdb	6khs_B.pdb
6h2v_B.pdb	1z8u_A.pdb
6h2v_B.pdb	5bqe_C.pdb
2peh_C.pdb	2peh_C.pdb
4zp3_A.pdb	4zp3_A.pdb
4qjr_B.pdb	4qjr_B.pdb
4qjr_B.pdb	5q0i_B.pdb
5lxi_C.pdb	5lxi_C.pdb
1ycr_A.pdb	1ycr_A.pdb
1ycr_A.pdb	4d07_A.pdb
1ycr_A.pdb	6vme_B.pdb
1ycr_A.pdb	3dab_A.pdb
1ycr_A.pdb	1oey_A.pdb
7egg_L.pdb	7egg_L.pdb
7egg_L.pdb	1x79_B.pdb
7egg_L.pdb	2pjy_A.pdb
7egg_L.pdb	4naw_A.pdb
7egg_L.pdb	3q2s_C.pdb
7egg_L.pdb	3n9u_C.pdb
5jek_C.pdb	5jek_C.pdb
2ggm_A.pdb	2ggm_A.pdb
2ggm_A.pdb	5mxa_B.pdb
2ggm_A.pdb	5mzv_B.pdb
2ggm_A.pdb	1tnr_A.pdb
2ggm_A.pdb	4xef_A.pdb
2ggm_A.pdb	6b9h_A.pdb
2ggm_A.pdb	4bkx_A.pdb
2ggm_A.pdb	4gxl_A.pdb
2ggm_A.pdb	3e0j_B.pdb
2ggm_A.pdb	5xbf_B.pdb
2ggm_A.pdb	5mv9_B.pdb
2ggm_A.pdb	2a25_A.pdb
2ggm_A.pdb	5brm_A.pdb
2ggm_A.pdb	5xqz_A.pdb
2ggm_A.pdb	5brk_A.pdb
2ggm_A.pdb	3ojv_A.pdb
2ggm_A.pdb	3oj2_A.pdb
2ggm_A.pdb	3tmp_A.pdb
2ggm_A.pdb	6zmt_W.pdb
2ggm_A.pdb	6zvh_W.pdb
2ggm_A.pdb	6ehr_A.pdb
2ggm_A.pdb	6b9x_C.pdb
2ggm_A.pdb	1cvs_A.pdb
2ggm_A.pdb	1iil_A.pdb
2ggm_A.pdb	5hyn_C.pdb
2ggm_A.pdb	4w2r_S.pdb
2ggm_A.pdb	5w59_A.pdb
2ggm_A.pdb	3qbt_B.pdb
2ggm_A.pdb	1nun_A.pdb
2ggm_A.pdb	2fdb_M.pdb
2ggm_A.pdb	4dck_C.pdb
4v11_B.pdb	4v11_B.pdb
4hnj_C.pdb	4hnj_C.pdb
4hnj_C.pdb	5uul_B.pdb
4hnj_C.pdb	3mqp_B.pdb
7jvr_C.pdb	7jvr_C.pdb
7jvr_C.pdb	7jvp_G.pdb
7jvr_C.pdb	6n4b_C.pdb
7jvr_C.pdb	6x18_G.pdb
7jvr_C.pdb	7d77_G.pdb
7jvr_C.pdb	7cmv_C.pdb
7jvr_C.pdb	6kpf_C.pdb
3tfy_D.pdb	3tfy_D.pdb
3k9m_C.pdb	3k9m_C.pdb
3k9m_C.pdb	3kse_D.pdb
3k9m_C.pdb	6vax_B.pdb
3k9m_C.pdb	6ehr_E.pdb
3k9m_C.pdb	4jeg_A.pdb
3k9m_C.pdb	4nxr_A.pdb
3k9m_C.pdb	4nxq_A.pdb
3k9m_C.pdb	4gvc_A.pdb
3k9m_C.pdb	4qsy_A.pdb
3k9m_C.pdb	5dc9_A.pdb
3k9m_C.pdb	5aul_A.pdb
3k9m_C.pdb	2iuh_A.pdb
3k9m_C.pdb	6bc0_A.pdb
3k9m_C.pdb	6bc1_C.pdb
3k9m_C.pdb	6zbk_B.pdb
3shw_B.pdb	3shw_B.pdb
1yhn_B.pdb	1yhn_B.pdb
1yhn_B.pdb	1j2x_A.pdb
2ov2_I.pdb	2ov2_I.pdb
5lm1_B.pdb	5lm1_B.pdb
6s8s_B.pdb	6s8s_B.pdb
6w6w_D.pdb	6w6w_D.pdb
6w6w_D.pdb	6umt_B.pdb
6w6w_D.pdb	6mib_B.pdb
6w6w_D.pdb	4edn_A.pdb
6w6w_D.pdb	2vzg_B.pdb
6w6w_D.pdb	3lny_A.pdb
6w6w_D.pdb	1jwg_A.pdb
6w6w_D.pdb	3g2s_A.pdb
6w6w_D.pdb	1juq_A.pdb
6w6w_D.pdb	6lth_Q.pdb
6w6w_D.pdb	5v8w_B.pdb
6w6w_D.pdb	3bpl_A.pdb
6w6w_D.pdb	1iar_A.pdb
6w6w_D.pdb	2gwf_A.pdb
6w6w_D.pdb	6tkk_A.pdb
6w6w_D.pdb	5xoc_B.pdb
6w6w_D.pdb	4j2j_A.pdb
6w6w_D.pdb	1kcg_A.pdb
6w6w_D.pdb	4s0u_A.pdb
3agz_C.pdb	3agz_C.pdb
3m0a_D.pdb	3m0a_D.pdb
6kz7_A.pdb	6kz7_A.pdb
6g0o_B.pdb	6g0o_B.pdb
2cg5_B.pdb	2cg5_B.pdb
2flu_P.pdb	2flu_P.pdb
3ewt_E.pdb	3ewt_E.pdb
1n6j_G.pdb	1n6j_G.pdb
2xqn_A.pdb	2xqn_A.pdb
6ace_B.pdb	6ace_B.pdb
2z7f_I.pdb	2z7f_I.pdb
2azm_C.pdb	2azm_C.pdb
5hjs_C.pdb	5hjs_C.pdb
5hjs_C.pdb	1p8d_C.pdb
5hjs_C.pdb	5ji0_E.pdb
2h6p_C.pdb	2h6p_C.pdb
2yin_A.pdb	2yin_A.pdb
2yin_A.pdb	4nm3_A.pdb
2yin_A.pdb	2wm9_A.pdb
2yin_A.pdb	4bkx_B.pdb
2yin_A.pdb	4a69_A.pdb
2yin_A.pdb	4us0_S.pdb
2yin_A.pdb	6urg_B.pdb
2yin_A.pdb	4o6f_A.pdb
2yin_A.pdb	1y8o_A.pdb
2yin_A.pdb	2hyi_C.pdb
2yin_A.pdb	6wlz_D.pdb
2yin_A.pdb	5anr_B.pdb
2yin_A.pdb	6wlw_R.pdb
2yin_A.pdb	6oau_A.pdb
2yin_A.pdb	4xi7_A.pdb
2yin_A.pdb	1ki1_B.pdb
2yin_A.pdb	5y2z_A.pdb
2yin_A.pdb	6pai_C.pdb
2yin_A.pdb	4lx0_B.pdb
2yin_A.pdb	2wg3_C.pdb
2yin_A.pdb	4c5i_A.pdb
2yin_A.pdb	5n38_A.pdb
2yin_A.pdb	2h6f_B.pdb
2yin_A.pdb	2gjx_B.pdb
2yin_A.pdb	2gjx_A.pdb
2yin_A.pdb	4i5l_A.pdb
2yin_A.pdb	2ie4_A.pdb
2yin_A.pdb	3dw8_A.pdb
2yin_A.pdb	3ojy_A.pdb
2yin_A.pdb	3nvq_A.pdb
2yin_A.pdb	3kv4_A.pdb
2yin_A.pdb	5c46_E.pdb
2yin_A.pdb	6sn1_B.pdb
2yin_A.pdb	2z7x_B.pdb
2yin_A.pdb	2z7x_A.pdb
2yin_A.pdb	3fey_C.pdb
2yin_A.pdb	5xzx_A.pdb
2yin_A.pdb	4b18_A.pdb
2yin_A.pdb	5f0j_A.pdb
2yin_A.pdb	5f0p_A.pdb
2yin_A.pdb	7egg_E.pdb
2yin_A.pdb	6yxq_B.pdb
2yin_A.pdb	4a4c_A.pdb
2yin_A.pdb	1fbv_A.pdb
2yin_A.pdb	3zni_A.pdb
4tkn_D.pdb	4tkn_D.pdb
3lqj_A.pdb	3lqj_A.pdb
3lqj_A.pdb	4txr_A.pdb
3lqj_A.pdb	3lbx_B.pdb
3lqj_A.pdb	3t5x_A.pdb
3lqj_A.pdb	5jpo_A.pdb
3lqj_A.pdb	3s9d_B.pdb
3lqj_A.pdb	4uj3_B.pdb
3lqj_A.pdb	5t5w_C.pdb
3lqj_A.pdb	1pvh_B.pdb
3lqj_A.pdb	3og6_A.pdb
3lqj_A.pdb	5l3d_B.pdb
3lqj_A.pdb	2y48_B.pdb
3lqj_A.pdb	2uxn_B.pdb
3lqj_A.pdb	3zms_B.pdb
3lqj_A.pdb	4czz_B.pdb
3lqj_A.pdb	6fp6_A.pdb
3lqj_A.pdb	3msx_B.pdb
3lqj_A.pdb	3tx7_B.pdb
3lqj_A.pdb	4rwv_A.pdb
3lqj_A.pdb	5syz_A.pdb
3lqj_A.pdb	5unj_A.pdb
3lqj_A.pdb	4oni_A.pdb
7bqv_B.pdb	7bqv_B.pdb
3c4m_C.pdb	3c4m_C.pdb
6eww_E.pdb	6eww_E.pdb
6pai_E.pdb	6pai_E.pdb
6hby_C.pdb	6hby_C.pdb
3di2_A.pdb	3di2_A.pdb
3di2_A.pdb	6zmt_T.pdb
3di2_A.pdb	6zvh_S.pdb
3di2_A.pdb	1e50_B.pdb
3di2_A.pdb	4msv_B.pdb
3di2_A.pdb	3k51_B.pdb
3di2_A.pdb	4kgq_C.pdb
3di2_A.pdb	2xqn_M.pdb
3di2_A.pdb	6i1s_B.pdb
3di2_A.pdb	1fap_A.pdb
3di2_A.pdb	1b6c_A.pdb
3di2_A.pdb	3mdy_B.pdb
3di2_A.pdb	3wtp_E.pdb
3di2_A.pdb	6l9z_A.pdb
3di2_A.pdb	5x7x_A.pdb
3di2_A.pdb	4hga_B.pdb
3di2_A.pdb	3a6n_A.pdb
3di2_A.pdb	4z5t_A.pdb
3di2_A.pdb	5b32_A.pdb
3di2_A.pdb	6x59_A.pdb
3di2_A.pdb	5jw9_B.pdb
3di2_A.pdb	1fg9_A.pdb
3di2_A.pdb	4gnf_A.pdb
3mxn_B.pdb	3mxn_B.pdb
5aox_A.pdb	5aox_A.pdb
5aox_A.pdb	4a69_C.pdb
7ako_C.pdb	7ako_C.pdb
3i8c_B.pdb	3i8c_B.pdb
3zkj_A.pdb	3zkj_A.pdb
3zkj_A.pdb	3t6g_A.pdb
3zkj_A.pdb	4f52_A.pdb
3zkj_A.pdb	5y6l_D.pdb
3zkj_A.pdb	1ul1_X.pdb
3zkj_A.pdb	7e2x_R.pdb
3zkj_A.pdb	3f1s_A.pdb
3zkj_A.pdb	2cg5_A.pdb
3zkj_A.pdb	2o61_B.pdb
3zkj_A.pdb	2nz8_B.pdb
3zkj_A.pdb	1ul1_A.pdb
3zkj_A.pdb	6k3a_A.pdb
3zkj_A.pdb	5mlo_A.pdb
3zkj_A.pdb	3tbl_A.pdb
3zkj_A.pdb	5yco_A.pdb
3zkj_A.pdb	1u76_A.pdb
3zkj_A.pdb	5iy4_A.pdb
3zkj_A.pdb	6lth_N.pdb
7dvq_y.pdb	7dvq_y.pdb
6n3e_B.pdb	6n3e_B.pdb
3bin_B.pdb	3bin_B.pdb
5ieh_C.pdb	5ieh_C.pdb
2okr_C.pdb	2okr_C.pdb
7jfl_C.pdb	7jfl_C.pdb
5wb7_E.pdb	5wb7_E.pdb
5wb7_E.pdb	1mox_C.pdb
5wb7_E.pdb	1nql_B.pdb
1nlw_B.pdb	1nlw_B.pdb
1nlw_B.pdb	6g6k_B.pdb
1nlw_B.pdb	6g6k_A.pdb
1nlw_B.pdb	6b9x_D.pdb
1nlw_B.pdb	6ehr_D.pdb
1nlw_B.pdb	1b72_B.pdb
1nlw_B.pdb	6ehp_E.pdb
1nlw_B.pdb	4a5x_A.pdb
1nlw_B.pdb	6qnx_B.pdb
1nlw_B.pdb	4f52_B.pdb
1nlw_B.pdb	3dpl_R.pdb
1nlw_B.pdb	3dqv_R.pdb
1nlw_B.pdb	4kbq_C.pdb
1nlw_B.pdb	3pv6_B.pdb
1nlw_B.pdb	4drb_A.pdb
1nlw_B.pdb	7dvq_L.pdb
1nlw_B.pdb	3hct_A.pdb
1nlw_B.pdb	5tuv_B.pdb
1nlw_B.pdb	5tuu_B.pdb
1nlw_B.pdb	6wlz_N.pdb
1nlw_B.pdb	6brb_D.pdb
5osi_A.pdb	5osi_A.pdb
5osi_A.pdb	5gtu_A.pdb
5osi_A.pdb	5zcj_A.pdb
5osi_A.pdb	5xuy_B.pdb
5osi_A.pdb	2ngr_B.pdb
5osi_A.pdb	6r3v_A.pdb
6g0p_B.pdb	6g0p_B.pdb
2cci_F.pdb	2cci_F.pdb
6zmd_B.pdb	6zmd_B.pdb
6zmd_B.pdb	4zgy_A.pdb
6zmd_B.pdb	5ji0_D.pdb
6zmd_B.pdb	6pdz_A.pdb
6zmd_B.pdb	6oni_B.pdb
6zmd_B.pdb	6d94_A.pdb
6zmd_B.pdb	3b1m_A.pdb
6zmd_B.pdb	7cp9_I.pdb
6zmd_B.pdb	7bsv_C.pdb
6zmd_B.pdb	6k7l_C.pdb
6zmd_B.pdb	6uxe_A.pdb
6zmd_B.pdb	6uj7_A.pdb
6zmd_B.pdb	1qew_A.pdb
6zmd_B.pdb	5iue_A.pdb
6zmd_B.pdb	1sys_A.pdb
6zmd_B.pdb	6o9b_A.pdb
6zmd_B.pdb	2xpg_A.pdb
6zmd_B.pdb	5t6y_A.pdb
6zmd_B.pdb	3ln4_A.pdb
6zmd_B.pdb	4no0_A.pdb
6zmd_B.pdb	3bgm_A.pdb
6zmd_B.pdb	3mrp_A.pdb
6zmd_B.pdb	5w69_A.pdb
6zmd_B.pdb	3ft3_A.pdb
6zmd_B.pdb	3ln5_A.pdb
6zmd_B.pdb	3bh9_A.pdb
6zmd_B.pdb	4o2c_A.pdb
6zmd_B.pdb	3vri_A.pdb
6zmd_B.pdb	6pte_A.pdb
6zmd_B.pdb	5u98_A.pdb
6zmd_B.pdb	3lv3_A.pdb
6zmd_B.pdb	5meo_A.pdb
6zmd_B.pdb	3utq_A.pdb
6zmd_B.pdb	3bhb_A.pdb
6zmd_B.pdb	6pyw_A.pdb
6zmd_B.pdb	5eu5_A.pdb
6zmd_B.pdb	3fqn_A.pdb
6zmd_B.pdb	3mrr_A.pdb
6zmd_B.pdb	1xr9_A.pdb
6zmd_B.pdb	3czf_A.pdb
6zmd_B.pdb	3bp7_A.pdb
6zmd_B.pdb	3bo8_A.pdb
6zmd_B.pdb	1qr1_A.pdb
6zmd_B.pdb	3fqt_A.pdb
6zmd_B.pdb	1i4f_A.pdb
6zmd_B.pdb	3fqx_A.pdb
6zmd_B.pdb	5vz5_A.pdb
6zmd_B.pdb	3bzf_A.pdb
6zmd_B.pdb	5ib2_A.pdb
6zmd_B.pdb	5w6a_A.pdb
6zmd_B.pdb	5ieh_A.pdb
6zmd_B.pdb	2h6p_A.pdb
6zmd_B.pdb	6pag_A.pdb
6zmd_B.pdb	5t6w_A.pdb
6zmd_B.pdb	5t6z_A.pdb
6zmd_B.pdb	2dyp_A.pdb
6zmd_B.pdb	1efx_A.pdb
6zmd_B.pdb	4hx1_A.pdb
6zmd_B.pdb	1w0w_A.pdb
6zmd_B.pdb	3vrj_A.pdb
6zmd_B.pdb	6at5_A.pdb
6zmd_B.pdb	5t6x_A.pdb
6zmd_B.pdb	2p5e_A.pdb
6zmd_B.pdb	6r2l_A.pdb
6zmd_B.pdb	1lp9_A.pdb
6zmd_B.pdb	3mrk_A.pdb
6zmd_B.pdb	3am8_A.pdb
6zmd_B.pdb	3bze_A.pdb
6zmd_B.pdb	6ewo_A.pdb
6zmd_B.pdb	5bxf_A.pdb
6zmd_B.pdb	6qio_B.pdb
6zmd_B.pdb	6pud_A.pdb
6zmd_B.pdb	5mxa_A.pdb
6zmd_B.pdb	5mzv_A.pdb
6zmd_B.pdb	6v0o_B.pdb
6zmd_B.pdb	6v0p_B.pdb
6zmd_B.pdb	6v0n_B.pdb
6zmd_B.pdb	4gqb_B.pdb
6zmd_B.pdb	4rs1_B.pdb
6zmd_B.pdb	2h26_A.pdb
6zmd_B.pdb	1zt4_A.pdb
6zmd_B.pdb	5j1a_A.pdb
6zmd_B.pdb	7cz5_R.pdb
6zmd_B.pdb	1a6z_A.pdb
6zmd_B.pdb	1de4_A.pdb
6zmd_B.pdb	4gaf_B.pdb
6zmd_B.pdb	1ira_Y.pdb
6zmd_B.pdb	4y6o_A.pdb
6zmd_B.pdb	4y6l_A.pdb
6zmd_B.pdb	6os9_R.pdb
6zmd_B.pdb	4rca_A.pdb
6zmd_B.pdb	4ll1_A.pdb
6zmd_B.pdb	6upq_A.pdb
6zmd_B.pdb	6upa_A.pdb
6zmd_B.pdb	6upr_A.pdb
6zmd_B.pdb	7jvr_R.pdb
6zmd_B.pdb	7cmv_R.pdb
6zmd_B.pdb	7jvq_R.pdb
6zmd_B.pdb	4jhp_C.pdb
6zmd_B.pdb	4qam_A.pdb
6zmd_B.pdb	3p71_C.pdb
6zmd_B.pdb	4i5l_C.pdb
6zmd_B.pdb	2ie4_C.pdb
6zmd_B.pdb	4lac_C.pdb
6zmd_B.pdb	4ndn_A.pdb
6zmd_B.pdb	6iyc_B.pdb
6zmd_B.pdb	6idf_B.pdb
6zmd_B.pdb	5e4e_C.pdb
6zmd_B.pdb	6s8l_A.pdb
6zmd_B.pdb	6zeg_A.pdb
6zmd_B.pdb	5inb_A.pdb
6zmd_B.pdb	5j28_A.pdb
6zmd_B.pdb	6zeh_A.pdb
6zmd_B.pdb	6zee_A.pdb
6zmd_B.pdb	6obn_A.pdb
6zmd_B.pdb	3v4y_A.pdb
6zmd_B.pdb	4xpn_A.pdb
6zmd_B.pdb	1i2m_B.pdb
6zmd_B.pdb	5k1c_C.pdb
6zmd_B.pdb	6x18_A.pdb
5y1z_A.pdb	5y1z_A.pdb
5y1z_A.pdb	2c0l_B.pdb
3v4y_B.pdb	3v4y_B.pdb
1n0w_B.pdb	1n0w_B.pdb
5jw9_A.pdb	5jw9_A.pdb
7czm_C.pdb	7czm_C.pdb
4kmd_B.pdb	4kmd_B.pdb
2o9v_B.pdb	2o9v_B.pdb
6x5q_B.pdb	6x5q_B.pdb
4ewr_C.pdb	4ewr_C.pdb
4ewr_C.pdb	3kv4_B.pdb
4ewr_C.pdb	3u5p_I.pdb
6r15_B.pdb	6r15_B.pdb
6r15_B.pdb	4dxr_B.pdb
6r15_B.pdb	4dxs_B.pdb
7k95_A.pdb	7k95_A.pdb
5hdt_E.pdb	5hdt_E.pdb
1mzw_B.pdb	1mzw_B.pdb
5ifs_B.pdb	5ifs_B.pdb
5ifs_B.pdb	5kiy_A.pdb
4l41_A.pdb	4l41_A.pdb
4l41_A.pdb	6o60_D.pdb
4l41_A.pdb	5vzu_A.pdb
4l41_A.pdb	3wso_B.pdb
4l41_A.pdb	6byh_A.pdb
4l41_A.pdb	5v4b_A.pdb
4l41_A.pdb	5jh5_B.pdb
4l41_A.pdb	6wnx_B.pdb
4l41_A.pdb	1p22_B.pdb
4l41_A.pdb	1fqv_B.pdb
4l41_A.pdb	2ovr_A.pdb
4l41_A.pdb	4eoz_A.pdb
4l41_A.pdb	5j11_A.pdb
4l41_A.pdb	7dvq_Y.pdb
4l41_A.pdb	6id1_W.pdb
4l41_A.pdb	1n52_B.pdb
5mk1_E.pdb	5mk1_E.pdb
5mk1_E.pdb	3c3o_B.pdb
3m0d_C.pdb	3m0d_C.pdb
3m0d_C.pdb	2ypa_B.pdb
4up0_F.pdb	4up0_F.pdb
4up0_F.pdb	3lqj_Q.pdb
4up0_F.pdb	4l58_B.pdb
3bze_P.pdb	3bze_P.pdb
3bze_P.pdb	3bzf_P.pdb
6uj7_C.pdb	6uj7_C.pdb
4qum_B.pdb	4qum_B.pdb
2gwf_B.pdb	2gwf_B.pdb
6pog_A.pdb	6pog_A.pdb
6pog_A.pdb	6pol_A.pdb
6pog_A.pdb	4zgy_B.pdb
6pog_A.pdb	7d2t_B.pdb
6pog_A.pdb	2h32_A.pdb
6pog_A.pdb	2bex_C.pdb
4j2c_B.pdb	4j2c_B.pdb
3mqs_D.pdb	3mqs_D.pdb
5t6x_C.pdb	5t6x_C.pdb
5lv0_C.pdb	5lv0_C.pdb
2gpo_C.pdb	2gpo_C.pdb
3i7n_B.pdb	3i7n_B.pdb
3au4_B.pdb	3au4_B.pdb
5xln_B.pdb	5xln_B.pdb
3twu_B.pdb	3twu_B.pdb
4j2j_D.pdb	4j2j_D.pdb
4d0g_C.pdb	4d0g_C.pdb
4d0g_C.pdb	4c4p_B.pdb
4d0g_C.pdb	3tso_C.pdb
1lp9_C.pdb	1lp9_C.pdb
2vdo_C.pdb	2vdo_C.pdb
3isw_A.pdb	3isw_A.pdb
3isw_A.pdb	6kbb_A.pdb
3isw_A.pdb	5fug_A.pdb
3isw_A.pdb	5b32_G.pdb
6sf3_A.pdb	6sf3_A.pdb
6sf3_A.pdb	4up0_A.pdb
6sf3_A.pdb	6zvh_f.pdb
6sf3_A.pdb	6oau_C.pdb
6sf3_A.pdb	1hcf_X.pdb
6sf3_A.pdb	1www_X.pdb
7cp9_A.pdb	7cp9_A.pdb
6zmt_d.pdb	6zmt_d.pdb
6zmt_d.pdb	6zxe_c.pdb
6zmt_d.pdb	6zvh_c.pdb
6zmt_d.pdb	6g16_B.pdb
3k1r_B.pdb	3k1r_B.pdb
3k1r_B.pdb	4y5o_A.pdb
3uly_B.pdb	3uly_B.pdb
5d2m_G.pdb	5d2m_G.pdb
7b1f_C.pdb	7b1f_C.pdb
3buo_A.pdb	3buo_A.pdb
1jey_B.pdb	1jey_B.pdb
1jey_B.pdb	6erh_B.pdb
1jey_B.pdb	3u86_A.pdb
1jey_B.pdb	2o61_A.pdb
1jey_B.pdb	3au4_A.pdb
1jey_B.pdb	5i25_A.pdb
1jey_B.pdb	7c7s_B.pdb
1jey_B.pdb	3qfa_A.pdb
1jey_B.pdb	1nql_A.pdb
1jey_B.pdb	1mox_A.pdb
1jey_B.pdb	5wb7_A.pdb
4j8s_B.pdb	4j8s_B.pdb
5jpo_E.pdb	5jpo_E.pdb
6trw_D.pdb	6trw_D.pdb
5ep6_A.pdb	5ep6_A.pdb
6zrn_C.pdb	6zrn_C.pdb
7ndy_G.pdb	7ndy_G.pdb
3wsr_C.pdb	3wsr_C.pdb
2yjd_C.pdb	2yjd_C.pdb
3d24_B.pdb	3d24_B.pdb
6g16_A.pdb	6g16_A.pdb
6g16_A.pdb	5wai_A.pdb
6g16_A.pdb	4r7a_B.pdb
6g16_A.pdb	7jvp_B.pdb
6g16_A.pdb	6kpf_B.pdb
6g16_A.pdb	6uva_B.pdb
6g16_A.pdb	7e32_B.pdb
6g16_A.pdb	6pb1_B.pdb
6g16_A.pdb	7e33_B.pdb
6g16_A.pdb	7jvr_B.pdb
6g16_A.pdb	6x18_B.pdb
6g16_A.pdb	7d77_B.pdb
6g16_A.pdb	4pnk_B.pdb
6g16_A.pdb	6n4b_B.pdb
6g16_A.pdb	6uus_B.pdb
6g16_A.pdb	6os9_B.pdb
6g16_A.pdb	6uun_B.pdb
6g16_A.pdb	6p9x_B.pdb
6g16_A.pdb	7cmv_B.pdb
6g16_A.pdb	6nq3_A.pdb
6g16_A.pdb	3e0j_A.pdb
6g16_A.pdb	5txk_A.pdb
6g16_A.pdb	6v4p_A.pdb
6g16_A.pdb	2vdo_A.pdb
6g16_A.pdb	1p22_A.pdb
6g16_A.pdb	6wnx_A.pdb
6g16_A.pdb	4e54_B.pdb
6g16_A.pdb	1yk1_A.pdb
6g16_A.pdb	6nbw_A.pdb
6g16_A.pdb	6c9h_A.pdb
6g16_A.pdb	5iso_A.pdb
6g16_A.pdb	4u7t_A.pdb
6g16_A.pdb	7m3q_A.pdb
6g16_A.pdb	5hpt_A.pdb
6g16_A.pdb	5hps_A.pdb
6g16_A.pdb	5hpk_A.pdb
6g16_A.pdb	5ezv_A.pdb
6g16_A.pdb	5dis_D.pdb
6g16_A.pdb	6i4y_A.pdb
6g16_A.pdb	6pau_A.pdb
6g16_A.pdb	5o9s_A.pdb
6g16_A.pdb	6caj_E.pdb
6g16_A.pdb	4w2r_E.pdb
6g16_A.pdb	5hyn_B.pdb
6g16_A.pdb	3jpx_A.pdb
6g16_A.pdb	1oc0_A.pdb
6g16_A.pdb	3pb1_I.pdb
6g16_A.pdb	5l0r_A.pdb
6g16_A.pdb	5l0s_A.pdb
6g16_A.pdb	1ni4_B.pdb
6g16_A.pdb	5jcz_B.pdb
6g16_A.pdb	2bfd_B.pdb
6g16_A.pdb	6o60_B.pdb
6g16_A.pdb	6j7x_B.pdb
6g16_A.pdb	3fga_B.pdb
6g16_A.pdb	6g4q_A.pdb
6g16_A.pdb	6wcv_A.pdb
6g16_A.pdb	3shw_A.pdb
6g16_A.pdb	3tsz_A.pdb
6g16_A.pdb	3uly_A.pdb
2dyp_C.pdb	2dyp_C.pdb
3b1m_B.pdb	3b1m_B.pdb
3b1m_B.pdb	6kxx_B.pdb
3eu7_X.pdb	3eu7_X.pdb
6rjl_P.pdb	6rjl_P.pdb
6uuq_B.pdb	6uuq_B.pdb
5ifs_A.pdb	5ifs_A.pdb
5ifs_A.pdb	2o25_A.pdb
5ifs_A.pdb	3k9o_A.pdb
5ifs_A.pdb	5dfl_A.pdb
5ifs_A.pdb	6df3_L.pdb
5ifs_A.pdb	3dlq_R.pdb
5ifs_A.pdb	3g9v_A.pdb
5ifs_A.pdb	1g3n_B.pdb
5ifs_A.pdb	1bi8_B.pdb
5ifs_A.pdb	3hr4_A.pdb
5ifs_A.pdb	6m64_A.pdb
5ifs_A.pdb	1mk2_A.pdb
5ifs_A.pdb	5zok_A.pdb
5ifs_A.pdb	1u7v_A.pdb
5ifs_A.pdb	5xoc_A.pdb
5ifs_A.pdb	1dev_A.pdb
5ifs_A.pdb	1u7f_A.pdb
5ifs_A.pdb	5zoj_A.pdb
5ifs_A.pdb	1iar_B.pdb
5ifs_A.pdb	5e4e_B.pdb
5ifs_A.pdb	3bpl_B.pdb
5ifs_A.pdb	1u7v_B.pdb
5ifs_A.pdb	1mr1_A.pdb
5ifs_A.pdb	1u7f_B.pdb
5ifs_A.pdb	4j8s_A.pdb
5ifs_A.pdb	5ni9_B.pdb
5ifs_A.pdb	4is6_B.pdb
5ifs_A.pdb	1fv1_B.pdb
5ifs_A.pdb	4x5w_B.pdb
5ifs_A.pdb	3l6f_B.pdb
5ifs_A.pdb	6bix_B.pdb
5ifs_A.pdb	4md4_B.pdb
5ifs_A.pdb	6v1a_B.pdb
5ifs_A.pdb	4fqx_B.pdb
5ifs_A.pdb	1klu_B.pdb
5ifs_A.pdb	3s5l_B.pdb
5ifs_A.pdb	6biz_B.pdb
5ifs_A.pdb	4md5_B.pdb
5ifs_A.pdb	4p4k_B.pdb
5ifs_A.pdb	6hby_B.pdb
5ifs_A.pdb	6nix_B.pdb
5ifs_A.pdb	5le5_G.pdb
5ifs_A.pdb	6kwy_G.pdb
5ifs_A.pdb	6e5b_G.pdb
5ifs_A.pdb	6kwy_E.pdb
5ifs_A.pdb	5le5_E.pdb
5ifs_A.pdb	6e5b_E.pdb
5ifs_A.pdb	5le5_C.pdb
5ifs_A.pdb	6e5b_C.pdb
5ifs_A.pdb	6kwy_C.pdb
5ifs_A.pdb	3pv6_A.pdb
5ifs_A.pdb	5jke_A.pdb
5ifs_A.pdb	6s8s_A.pdb
5ifs_A.pdb	6zmt_K.pdb
5ifs_A.pdb	6zvh_F.pdb
5ifs_A.pdb	6zxe_F.pdb
5ifs_A.pdb	3a4u_A.pdb
5ifs_A.pdb	3w8h_A.pdb
5ifs_A.pdb	4geh_A.pdb
5ifs_A.pdb	4fqx_D.pdb
5ifs_A.pdb	7egg_D.pdb
5ifs_A.pdb	5afw_A.pdb
5ifs_A.pdb	6zxe_I.pdb
5ifs_A.pdb	6zvh_I.pdb
5ifs_A.pdb	7dvq_R.pdb
5ifs_A.pdb	6xf1_A.pdb
5ifs_A.pdb	6i4y_B.pdb
5ifs_A.pdb	4cqm_B.pdb
5ifs_A.pdb	2a1t_S.pdb
5ifs_A.pdb	2a1u_B.pdb
5ifs_A.pdb	6ms4_A.pdb
1om9_P.pdb	1om9_P.pdb
6r2l_C.pdb	6r2l_C.pdb
4uu5_A.pdb	4uu5_A.pdb
3mjh_B.pdb	3mjh_B.pdb
5afw_B.pdb	5afw_B.pdb
3d48_P.pdb	3d48_P.pdb
3d48_P.pdb	4bxo_A.pdb
3d48_P.pdb	6pgv_A.pdb
3q3j_A.pdb	3q3j_A.pdb
3q3j_A.pdb	5bnx_B.pdb
3q3j_A.pdb	5x7x_B.pdb
3q3j_A.pdb	6l9z_B.pdb
3q3j_A.pdb	3r45_B.pdb
3q3j_A.pdb	4hga_C.pdb
3q3j_A.pdb	4z2m_H.pdb
3q3j_A.pdb	3a6n_B.pdb
3q3j_A.pdb	3wkj_B.pdb
3q3j_A.pdb	4z5t_B.pdb
3q3j_A.pdb	6x59_B.pdb
3q3j_A.pdb	7cj0_C.pdb
3q3j_A.pdb	2rex_A.pdb
3q3j_A.pdb	2b5i_A.pdb
3q3j_A.pdb	5m5e_D.pdb
3q3j_A.pdb	6icz_P.pdb
3q3j_A.pdb	6id1_P.pdb
3q3j_A.pdb	3qfa_C.pdb
3q3j_A.pdb	4ll1_B.pdb
3q3j_A.pdb	2g45_A.pdb
3q3j_A.pdb	4kax_B.pdb
3q3j_A.pdb	4iyp_C.pdb
3q3j_A.pdb	4h5s_B.pdb
3q3j_A.pdb	6zxe_K.pdb
3q3j_A.pdb	6zvh_K.pdb
3q3j_A.pdb	6zmt_M.pdb
2p5e_C.pdb	2p5e_C.pdb
4qsy_B.pdb	4qsy_B.pdb
3l3x_B.pdb	3l3x_B.pdb
4rsu_D.pdb	4rsu_D.pdb
4rsu_D.pdb	6ucc_B.pdb
4rsu_D.pdb	2h32_B.pdb
4rsu_D.pdb	6zsi_C.pdb
3cqc_B.pdb	3cqc_B.pdb
3cqc_B.pdb	4lac_A.pdb
3cqc_B.pdb	1sq0_A.pdb
5brm_G.pdb	5brm_G.pdb
4cqo_B.pdb	4cqo_B.pdb
4yon_A.pdb	4yon_A.pdb
4yon_A.pdb	3tac_B.pdb
4yon_A.pdb	3gni_A.pdb
4yon_A.pdb	3zhp_A.pdb
4yon_A.pdb	2wtk_A.pdb
4yon_A.pdb	3kz1_A.pdb
4yon_A.pdb	3gzn_B.pdb
4yon_A.pdb	6xog_B.pdb
4yon_A.pdb	6v4p_B.pdb
4yon_A.pdb	2vdo_B.pdb
4yon_A.pdb	6om1_B.pdb
4yon_A.pdb	6caj_C.pdb
4yon_A.pdb	3vi3_B.pdb
4yon_A.pdb	5e6s_B.pdb
4yon_A.pdb	4um8_B.pdb
4yon_A.pdb	4um9_B.pdb
4yon_A.pdb	5n9g_A.pdb
2vpg_P.pdb	2vpg_P.pdb
6tnq_A.pdb	6tnq_A.pdb
3bzi_E.pdb	3bzi_E.pdb
1upt_B.pdb	1upt_B.pdb
1upt_B.pdb	6m2c_E.pdb
3c3q_B.pdb	3c3q_B.pdb
4uu5_B.pdb	4uu5_B.pdb
4jjq_B.pdb	4jjq_B.pdb
4cc2_B.pdb	4cc2_B.pdb
3eg9_C.pdb	3eg9_C.pdb
3lny_B.pdb	3lny_B.pdb
3s9d_A.pdb	3s9d_A.pdb
3s9d_A.pdb	1s1q_A.pdb
3s9d_A.pdb	3obq_A.pdb
3s9d_A.pdb	3b2d_C.pdb
6y44_P.pdb	6y44_P.pdb
5z7l_C.pdb	5z7l_C.pdb
4kv1_C.pdb	4kv1_C.pdb
4wnd_B.pdb	4wnd_B.pdb
6ewo_C.pdb	6ewo_C.pdb
6at5_C.pdb	6at5_C.pdb
4y6o_C.pdb	4y6o_C.pdb
5di7_C.pdb	5di7_C.pdb
5di7_C.pdb	3uud_C.pdb
5di7_C.pdb	4iqr_I.pdb
5di7_C.pdb	3oll_C.pdb
5di7_C.pdb	1xvp_E.pdb
5di7_C.pdb	3kmr_C.pdb
5di7_C.pdb	3bej_E.pdb
5di7_C.pdb	1k7l_B.pdb
3isw_C.pdb	3isw_C.pdb
6wly_B.pdb	6wly_B.pdb
5glf_B.pdb	5glf_B.pdb
2y8o_B.pdb	2y8o_B.pdb
4uda_B.pdb	4uda_B.pdb
4uda_B.pdb	3bqd_B.pdb
4xpn_B.pdb	4xpn_B.pdb
4quu_B.pdb	4quu_B.pdb
5xpt_B.pdb	5xpt_B.pdb
4f02_C.pdb	4f02_C.pdb
5df6_B.pdb	5df6_B.pdb
1y8o_B.pdb	1y8o_B.pdb
1y8o_B.pdb	6tyd_A.pdb
1y8o_B.pdb	2npt_B.pdb
1y8o_B.pdb	2o2v_B.pdb
4o6f_B.pdb	4o6f_B.pdb
1d4t_B.pdb	1d4t_B.pdb
1d4t_B.pdb	1m27_B.pdb
6tnq_B.pdb	6tnq_B.pdb
6abo_B.pdb	6abo_B.pdb
1juq_E.pdb	1juq_E.pdb
2a25_B.pdb	2a25_B.pdb
4y7r_B.pdb	4y7r_B.pdb
6nix_C.pdb	6nix_C.pdb
5g1x_B.pdb	5g1x_B.pdb
5bwn_B.pdb	5bwn_B.pdb
3ktp_B.pdb	3ktp_B.pdb
3r85_E.pdb	3r85_E.pdb
4zi1_B.pdb	4zi1_B.pdb
1d4t_A.pdb	1d4t_A.pdb
1d4t_A.pdb	1m27_A.pdb
1d4t_A.pdb	3h7h_B.pdb
1d4t_A.pdb	1mr1_C.pdb
1d4t_A.pdb	3n7p_D.pdb
1d4t_A.pdb	6vme_E.pdb
1d4t_A.pdb	3n7p_A.pdb
1d4t_A.pdb	7dvq_5.pdb
1d4t_A.pdb	6icz_M.pdb
1d4t_A.pdb	4j2c_A.pdb
1d4t_A.pdb	5j26_A.pdb
1d4t_A.pdb	5zcj_C.pdb
1d4t_A.pdb	2xqn_T.pdb
1d4t_A.pdb	3hy2_X.pdb
1d4t_A.pdb	4kbq_A.pdb
1d4t_A.pdb	4dck_A.pdb
1d4t_A.pdb	6lth_I.pdb
1d4t_A.pdb	3h7h_A.pdb
5ni9_C.pdb	5ni9_C.pdb
5dx1_F.pdb	5dx1_F.pdb
5v1z_E.pdb	5v1z_E.pdb
3mrk_P.pdb	3mrk_P.pdb
2z5k_B.pdb	2z5k_B.pdb
6wlw_S.pdb	6wlw_S.pdb
5t6y_C.pdb	5t6y_C.pdb
3wim_B.pdb	3wim_B.pdb
5syz_C.pdb	5syz_C.pdb
5syz_C.pdb	1zdt_P.pdb
6iiw_B.pdb	6iiw_B.pdb
1qew_C.pdb	1qew_C.pdb
6iyc_D.pdb	6iyc_D.pdb
6iyc_D.pdb	3vvw_B.pdb
6iyc_D.pdb	7jhx_A.pdb
6iyc_D.pdb	3wim_A.pdb
6iyc_D.pdb	6hol_A.pdb
6iyc_D.pdb	5lxi_B.pdb
6iyc_D.pdb	7b1f_A.pdb
6iyc_D.pdb	4csr_A.pdb
6j8f_A.pdb	6j8f_A.pdb
4auq_B.pdb	4auq_B.pdb
4auq_B.pdb	4v3l_C.pdb
4auq_B.pdb	6w7z_B.pdb
4auq_B.pdb	6sqo_A.pdb
4auq_B.pdb	5mnj_C.pdb
4auq_B.pdb	5mnj_D.pdb
4auq_B.pdb	3ixe_B.pdb
4auq_B.pdb	4hi8_B.pdb
4uj3_A.pdb	4uj3_A.pdb
4uj3_A.pdb	4c4p_A.pdb
4uj3_A.pdb	4lx0_A.pdb
4uj3_A.pdb	3tso_A.pdb
4uj3_A.pdb	1tu3_A.pdb
4uj3_A.pdb	5c46_F.pdb
4uj3_A.pdb	3mjh_A.pdb
4uj3_A.pdb	5jcz_A.pdb
4uj3_A.pdb	6if2_B.pdb
4uj3_A.pdb	3tw8_B.pdb
4uj3_A.pdb	6if3_B.pdb
4uj3_A.pdb	6ekk_C.pdb
4uj3_A.pdb	5f6k_C.pdb
4uj3_A.pdb	3n00_A.pdb
4uj3_A.pdb	3qbt_A.pdb
4uj3_A.pdb	6zsi_A.pdb
4uj3_A.pdb	7lwb_A.pdb
4uj3_A.pdb	2ot3_B.pdb
4uj3_A.pdb	1cxz_A.pdb
4uj3_A.pdb	4xh9_B.pdb
4uj3_A.pdb	1s1c_A.pdb
4uj3_A.pdb	3msx_A.pdb
4uj3_A.pdb	6bc0_F.pdb
4uj3_A.pdb	4xoi_A.pdb
4uj3_A.pdb	6r3v_B.pdb
4uj3_A.pdb	3kz1_E.pdb
4uj3_A.pdb	4d0n_A.pdb
4uj3_A.pdb	2z7f_E.pdb
4uj3_A.pdb	4doh_A.pdb
4uj3_A.pdb	4d0g_A.pdb
4uj3_A.pdb	1z0k_A.pdb
4uj3_A.pdb	5lpn_A.pdb
4uj3_A.pdb	6wcw_B.pdb
4uj3_A.pdb	1yhn_A.pdb
4uj3_A.pdb	4cym_A.pdb
4uj3_A.pdb	2rex_B.pdb
4uj3_A.pdb	3q3j_B.pdb
4uj3_A.pdb	1om9_A.pdb
4uj3_A.pdb	2xze_A.pdb
4uj3_A.pdb	3dlq_I.pdb
4uj3_A.pdb	3g9v_B.pdb
4uj3_A.pdb	6zvh_T.pdb
4uj3_A.pdb	6zmt_U.pdb
4uj3_A.pdb	2nut_C.pdb
4uj3_A.pdb	6zxe_L.pdb
4uj3_A.pdb	6zvh_L.pdb
4uj3_A.pdb	2ypa_C.pdb
4uj3_A.pdb	1l1o_B.pdb
4uj3_A.pdb	2pi2_A.pdb
4uj3_A.pdb	6zmt_N.pdb
4uj3_A.pdb	6zxe_N.pdb
4uj3_A.pdb	6zvh_N.pdb
4uj3_A.pdb	4ilw_A.pdb
4uj3_A.pdb	4dx8_H.pdb
4uj3_A.pdb	4qam_B.pdb
4uj3_A.pdb	3a98_A.pdb
4uj3_A.pdb	2hev_R.pdb
4uj3_A.pdb	6c9m_B.pdb
4uj3_A.pdb	5y6l_C.pdb
4uj3_A.pdb	6i5n_A.pdb
4uj3_A.pdb	4jgh_A.pdb
4uj3_A.pdb	3bua_A.pdb
4uj3_A.pdb	7c5d_A.pdb
4uj3_A.pdb	4m7c_A.pdb
4uj3_A.pdb	5fu6_B.pdb
4uj3_A.pdb	3v96_A.pdb
4uj3_A.pdb	1uea_B.pdb
4uj3_A.pdb	6wg4_A.pdb
4uj3_A.pdb	4u4p_B.pdb
4uj3_A.pdb	3ojv_C.pdb
4uj3_A.pdb	5w21_C.pdb
4uj3_A.pdb	3sqd_A.pdb
4uj3_A.pdb	3oj2_C.pdb
4uj3_A.pdb	2fdb_P.pdb
4uj3_A.pdb	1nun_B.pdb
4uj3_A.pdb	1iil_E.pdb
4uj3_A.pdb	1i4o_A.pdb
4uj3_A.pdb	6kwy_I.pdb
4uj3_A.pdb	6e5b_I.pdb
4uj3_A.pdb	5le5_I.pdb
4uj3_A.pdb	4mzg_B.pdb
4uj3_A.pdb	7cna_A.pdb
4uj3_A.pdb	5w59_B.pdb
4uj3_A.pdb	1cvs_C.pdb
4uj3_A.pdb	3s97_C.pdb
4uj3_A.pdb	2azm_A.pdb
4uj3_A.pdb	2nvu_C.pdb
4uj3_A.pdb	7bbd_C.pdb
4uj3_A.pdb	3hct_B.pdb
4uj3_A.pdb	5ywr_A.pdb
4uj3_A.pdb	4onl_B.pdb
4uj3_A.pdb	2c2v_B.pdb
4uj3_A.pdb	5wrv_B.pdb
4uj3_A.pdb	4ap4_B.pdb
4uj3_A.pdb	6sqo_B.pdb
4uj3_A.pdb	3zni_C.pdb
4uj3_A.pdb	6w7z_A.pdb
4uj3_A.pdb	5vzw_A.pdb
4uj3_A.pdb	6t7f_B.pdb
4uj3_A.pdb	3ugb_A.pdb
4uj3_A.pdb	6m2c_A.pdb
4uj3_A.pdb	5fer_B.pdb
4uj3_A.pdb	5d1m_A.pdb
4uj3_A.pdb	4a4c_C.pdb
4uj3_A.pdb	4v3l_A.pdb
4uj3_A.pdb	2yho_B.pdb
4uj3_A.pdb	5ifr_A.pdb
4uj3_A.pdb	4ldt_C.pdb
4uj3_A.pdb	5tut_A.pdb
4uj3_A.pdb	4auq_A.pdb
4uj3_A.pdb	3rpg_A.pdb
4uj3_A.pdb	3bpl_C.pdb
4uj3_A.pdb	4gs7_C.pdb
4uj3_A.pdb	2b5i_C.pdb
4uj3_A.pdb	5m5e_C.pdb
4uj3_A.pdb	1e96_B.pdb
4uj3_A.pdb	4ccg_A.pdb
4uj3_A.pdb	1fbv_C.pdb
4uj3_A.pdb	5hpt_C.pdb
4uj3_A.pdb	1c4z_D.pdb
4uj3_A.pdb	4yii_U.pdb
4uj3_A.pdb	3ex7_A.pdb
4uj3_A.pdb	2hyi_A.pdb
4uj3_A.pdb	1m4u_A.pdb
4uj3_A.pdb	5t5w_A.pdb
4uj3_A.pdb	3bn3_B.pdb
4uj3_A.pdb	4rca_B.pdb
4uj3_A.pdb	3di2_B.pdb
4uj3_A.pdb	5j11_B.pdb
4uj3_A.pdb	2q9q_B.pdb
4uj3_A.pdb	2e9x_D.pdb
4uj3_A.pdb	6if3_A.pdb
4uj3_A.pdb	3ifw_A.pdb
4uj3_A.pdb	6qml_A.pdb
4uj3_A.pdb	2zme_A.pdb
4uj3_A.pdb	3cuq_A.pdb
5wvo_D.pdb	5wvo_D.pdb
6gei_L.pdb	6gei_L.pdb
1h26_E.pdb	1h26_E.pdb
5vzu_E.pdb	5vzu_E.pdb
4uel_C.pdb	4uel_C.pdb
6l81_B.pdb	6l81_B.pdb
6l81_B.pdb	5xqz_C.pdb
3ln4_C.pdb	3ln4_C.pdb
4ux9_F.pdb	4ux9_F.pdb
4xi7_C.pdb	4xi7_C.pdb
7egg_H.pdb	7egg_H.pdb
